root_id,classification_system,cell_type,num_synapses
720575940628673474,cell_class,gustatory,1682
720575940625507870,cell_class,gustatory,565
720575940621375231,cell_class,gustatory,1243
720575940635791167,cell_class,gustatory,620
720575940629270339,cell_class,gustatory,675
720575940617937543,cell_class,gustatory,1455
720575940615274425,cell_class,gustatory,1644
720575940645743412,cell_class,gustatory,1973
720575940613061118,cell_class,gustatory,2160
720575940624079544,cell_class,gustatory,1588
720575940612670570,cell_class,gustatory,1692
720575940629176663,cell_class,gustatory,992
720575940632425919,cell_class,gustatory,2188
720575940630233916,cell_class,gustatory,1632
720575940622298631,cell_class,gustatory,903
720575940609919897,cell_class,gustatory,696
720575940621008895,cell_class,gustatory,751
720575940626016017,cell_class,gustatory,966
720575940610481370,cell_class,gustatory,1117
720575940627578156,cell_class,gustatory,1027
720575940602353632,cell_class,gustatory,1146
720575940614281266,cell_class,gustatory,872
720575940627490663,cell_class,gustatory,692
720575940621502051,cell_class,gustatory,983
720575940614273292,cell_class,gustatory,1575
720575940618025199,cell_class,gustatory,2316
720575940629481516,cell_class,gustatory,1899
720575940610683315,cell_class,gustatory,1140
720575940630968335,cell_class,gustatory,981
720575940619072513,cell_class,gustatory,1992
720575940630702789,cell_class,gustatory,538
720575940622585224,cell_class,gustatory,421
720575940637747519,cell_class,gustatory,866
720575940625752778,cell_class,gustatory,984
720575940628329546,cell_class,gustatory,2456
720575940635392910,cell_class,gustatory,875
720575940632293346,cell_class,gustatory,1791
720575940620575579,cell_class,gustatory,680
720575940638312262,cell_class,gustatory,577
720575940621916952,cell_class,gustatory,6082
720575940640601563,cell_class,gustatory,7615
720575940620856046,cell_class,gustatory,1389
720575940622731229,cell_class,gustatory,1300
720575940631393484,cell_class,gustatory,670
720575940629388135,cell_class,gustatory,1948
720575940621898665,cell_class,gustatory,770
720575940614734186,cell_class,gustatory,1573
720575940618788944,cell_class,gustatory,5750
720575940625173006,cell_class,gustatory,599
720575940610981362,cell_class,gustatory,8297
720575940623834300,cell_class,gustatory,4279
720575940622371037,cell_class,gustatory,1451
720575940616791067,cell_class,gustatory,529
720575940627219272,cell_class,gustatory,552
720575940625032548,cell_class,gustatory,3318
720575940626015242,cell_class,gustatory,3887
720575940633660314,cell_class,gustatory,702
720575940635005303,cell_class,gustatory,859
720575940639555928,cell_class,gustatory,590
720575940619387814,cell_class,gustatory,2059
720575940617121819,cell_class,gustatory,3851
720575940646212996,cell_class,gustatory,2425
720575940624948867,cell_class,gustatory,3084
720575940629009468,cell_class,gustatory,4777
720575940627454569,cell_class,gustatory,5100
720575940609913042,cell_class,gustatory,8225
720575940617828766,cell_class,gustatory,4544
720575940639043280,cell_class,gustatory,1977
720575940632423394,cell_class,gustatory,2618
720575940633791935,cell_class,gustatory,5917
720575940621870349,cell_class,gustatory,2382
720575940610259406,cell_class,gustatory,2854
720575940637130985,cell_class,gustatory,7390
720575940633143833,cell_class,gustatory,2174
720575940638419534,cell_class,gustatory,6826
720575940630195909,cell_class,gustatory,729
720575940622346180,cell_class,gustatory,3295
720575940645332259,cell_class,gustatory,953
720575940625163790,cell_class,gustatory,3413
720575940611018714,cell_class,gustatory,1952
720575940631020079,cell_class,gustatory,726
720575940610474610,cell_class,gustatory,764
720575940604852146,cell_class,gustatory,809
720575940623660558,cell_class,gustatory,7065
720575940630893196,cell_class,gustatory,7179
720575940611211417,cell_class,gustatory,6906
720575940619928929,cell_class,gustatory,6936
720575940616616861,cell_class,gustatory,6223
720575940633165980,cell_class,gustatory,5430
720575940626217226,cell_class,gustatory,5238
720575940626983952,cell_class,gustatory,4303
720575940616885538,cell_class,gustatory,993
720575940629358807,cell_class,gustatory,5534
720575940628131778,cell_class,gustatory,3637
720575940624963786,cell_class,gustatory,1490
720575940622405708,cell_class,gustatory,1152
720575940612950568,cell_class,gustatory,1322
720575940626014218,cell_class,gustatory,2708
720575940639198653,cell_class,gustatory,2532
720575940638218173,cell_class,gustatory,1217
720575940627821896,cell_class,gustatory,1099
720575940658442625,cell_class,gustatory,4842
720575940637580102,cell_class,gustatory,1166
720575940612920386,cell_class,gustatory,1659
720575940610483162,cell_class,gustatory,2386
720575940626241636,cell_class,gustatory,1801
720575940628832256,cell_class,gustatory,1904
720575940625750105,cell_class,gustatory,2174
720575940628853239,cell_class,gustatory,1902
720575940603266592,cell_class,gustatory,2172
720575940617398502,cell_class,gustatory,1753
720575940624604560,cell_class,gustatory,1519
720575940631331855,cell_class,gustatory,1801
720575940616167218,cell_class,gustatory,989
720575940610259370,cell_class,gustatory,795
720575940638202345,cell_class,gustatory,1658
720575940635391845,cell_class,gustatory,2052
720575940629146711,cell_class,gustatory,1501
720575940639259967,cell_class,gustatory,2125
720575940628962407,cell_class,gustatory,587
720575940610788069,cell_class,gustatory,1302
720575940608305161,cell_class,gustatory,1282
720575940617000768,cell_class,gustatory,1172
720575940610296622,cell_class,gustatory,673
720575940637568838,cell_class,gustatory,1010
720575940630597839,cell_class,gustatory,1557
720575940622853011,cell_class,gustatory,1503
720575940606205897,cell_class,gustatory,1081
720575940614211295,cell_class,gustatory,1656
720575940623172843,cell_class,gustatory,924
720575940611849178,cell_class,gustatory,1582
720575940638813016,cell_class,gustatory,1667
720575940624266061,cell_class,gustatory,5480
720575940630552151,cell_class,gustatory,458
720575940609306563,cell_class,gustatory,460
720575940629416318,cell_class,gustatory,515
720575940614163367,cell_class,gustatory,1139
720575940609645124,cell_class,gustatory,850
720575940616163701,cell_class,gustatory,440
720575940619793940,cell_class,gustatory,453
720575940608295689,cell_class,gustatory,435
720575940622236671,cell_class,gustatory,1895
720575940616971035,cell_class,gustatory,1725
720575940660292225,cell_class,gustatory,628
720575940612422579,cell_class,gustatory,524
720575940620289701,cell_class,gustatory,582
720575940627394376,cell_class,gustatory,570
720575940628198503,cell_class,gustatory,1455
720575940615089369,cell_class,gustatory,1528
720575940627402568,cell_class,gustatory,1510
720575940620589838,cell_class,gustatory,1460
720575940609476562,cell_class,gustatory,1385
720575940620185515,cell_class,gustatory,1405
720575940606801282,cell_class,gustatory,1281
720575940622486922,cell_class,gustatory,1300
720575940623183083,cell_class,gustatory,1829
720575940631082124,cell_class,gustatory,1147
720575940625450498,cell_class,gustatory,1091
720575940616308921,cell_class,gustatory,1245
720575940635172191,cell_class,gustatory,1169
720575940619287278,cell_class,gustatory,1119
720575940631069255,cell_class,gustatory,1221
720575940632889389,cell_class,gustatory,969
720575940615261073,cell_class,gustatory,961
720575940618887217,cell_class,gustatory,1035
720575940644965399,cell_class,gustatory,1076
720575940625031610,cell_class,gustatory,4221
720575940611168921,cell_class,gustatory,882
720575940636487598,cell_class,gustatory,909
720575940632880173,cell_class,gustatory,544
720575940622358057,cell_class,gustatory,1650
720575940631423263,cell_class,gustatory,707
720575940617857694,cell_class,gustatory,913
720575940639332736,cell_class,gustatory,937
720575940623629292,cell_class,gustatory,1016
720575940625861168,cell_class,gustatory,852
720575940629510338,cell_class,gustatory,754
720575940613996959,cell_class,gustatory,813
720575940612010137,cell_class,gustatory,961
720575940622902535,cell_class,gustatory,853
720575940640649691,cell_class,gustatory,800
720575940632634911,cell_class,gustatory,1393
720575940633634199,cell_class,gustatory,848
720575940611184819,cell_class,gustatory,766
720575940623138485,cell_class,gustatory,832
720575940610103906,cell_class,gustatory,918
720575940635990896,cell_class,gustatory,805
720575940635176366,cell_class,gustatory,763
720575940613080751,cell_class,gustatory,805
720575940622604109,cell_class,gustatory,880
720575940632510479,cell_class,gustatory,867
720575940621754367,cell_class,gustatory,702
720575940607500297,cell_class,gustatory,791
720575940622413508,cell_class,gustatory,614
720575940616177458,cell_class,gustatory,971
720575940616742657,cell_class,gustatory,945
720575940627036746,cell_class,gustatory,663
720575940638682787,cell_class,gustatory,722
720575940629884119,cell_class,gustatory,607
720575940615641798,cell_class,gustatory,676
720575940642361485,cell_class,gustatory,1243
720575940620698136,cell_class,gustatory,739
720575940620332404,cell_class,gustatory,739
720575940612819763,cell_class,gustatory,768
720575940624976572,cell_class,gustatory,824
720575940618466384,cell_class,gustatory,648
720575940637650522,cell_class,gustatory,888
720575940629025324,cell_class,gustatory,649
720575940622313971,cell_class,gustatory,701
720575940630797113,cell_class,gustatory,853
720575940616811265,cell_class,gustatory,706
720575940604027168,cell_class,gustatory,749
720575940612208406,cell_class,gustatory,851
720575940631898285,cell_class,gustatory,728
720575940604018208,cell_class,gustatory,682
720575940627110672,cell_class,gustatory,661
720575940625741114,cell_class,gustatory,677
720575940633733601,cell_class,gustatory,679
720575940613601698,cell_class,gustatory,764
720575940626674182,cell_class,gustatory,658
720575940630597177,cell_class,gustatory,605
720575940616264788,cell_class,gustatory,621
720575940624792197,cell_class,gustatory,615
720575940604590048,cell_class,gustatory,1361
720575940631147148,cell_class,gustatory,909
720575940611106453,cell_class,gustatory,716
720575940625203504,cell_class,gustatory,788
720575940620926234,cell_class,gustatory,794
720575940624352643,cell_class,gustatory,580
720575940632467923,cell_class,gustatory,709
720575940631204163,cell_class,gustatory,768
720575940610649442,cell_class,gustatory,628
720575940635425893,cell_class,gustatory,574
720575940626284036,cell_class,gustatory,601
720575940607737099,cell_class,gustatory,459
720575940608296917,cell_class,gustatory,744
720575940629852866,cell_class,gustatory,888
720575940612612581,cell_class,gustatory,677
720575940617094208,cell_class,gustatory,586
720575940604714528,cell_class,gustatory,607
720575940609533230,cell_class,gustatory,814
720575940638183652,cell_class,gustatory,2658
720575940619197093,cell_class,gustatory,2022
720575940611875570,cell_class,gustatory,1408
720575940623173470,cell_class,gustatory,726
720575940634796536,cell_class,gustatory,1210
720575940629211607,cell_class,gustatory,1604
720575940612579053,cell_class,gustatory,1135
720575940617181725,cell_class,gustatory,608
720575940620296641,cell_class,gustatory,522
720575940645611652,cell_class,gustatory,528
720575940624310345,cell_class,gustatory,681
720575940625696601,cell_class,gustatory,1382
720575940642088333,cell_class,gustatory,974
720575940624311881,cell_class,gustatory,613
720575940617433830,cell_class,gustatory,757
720575940613786774,cell_class,gustatory,590
720575940634683743,cell_class,gustatory,1240
720575940630741701,cell_class,gustatory,985
720575940607347634,cell_class,gustatory,638
720575940628891774,cell_class,gustatory,571
720575940617239197,cell_class,gustatory,832
720575940634859188,cell_class,gustatory,482
720575940637742911,cell_class,gustatory,1028
720575940632341452,cell_class,gustatory,1799
720575940619659861,cell_class,gustatory,552
720575940612556402,cell_class,gustatory,1456
720575940630229007,cell_class,gustatory,1737
720575940627438906,cell_class,gustatory,942
720575940621864060,cell_class,gustatory,528
720575940612445938,cell_class,gustatory,488
720575940646736772,cell_class,gustatory,421
720575940627397263,cell_class,gustatory,1637
720575940631106664,cell_class,gustatory,1644
720575940618706811,cell_class,gustatory,445
720575940628616271,cell_class,gustatory,509
720575940610773090,cell_class,gustatory,1685
720575940606002609,cell_class,gustatory,765
720575940630882039,cell_class,gustatory,650
720575940627810347,cell_class,gustatory,1452
720575940617801499,cell_class,gustatory,541
720575940621778381,cell_class,gustatory,2129
720575940621689880,cell_class,gustatory,3308
720575940616562150,cell_class,gustatory,1755
720575940631284511,cell_class,gustatory,934
720575940614830239,cell_class,gustatory,8156
720575940634278295,cell_class,gustatory,1893
720575940622136022,cell_class,gustatory,486
720575940647084164,cell_class,gustatory,692
720575940643065032,cell_class,gustatory,1098
720575940637165028,cell_class,gustatory,818
720575940638608803,cell_class,gustatory,1800
720575940625615705,cell_class,gustatory,1504
720575940622825736,cell_class,gustatory,933
720575940619028208,cell_class,gustatory,860
720575940621506943,cell_class,gustatory,571
720575940626287336,cell_class,gustatory,804
720575940609314243,cell_class,gustatory,870
720575940622199593,cell_class,gustatory,3274
720575940627265265,cell_class,gustatory,1897
720575940618706043,cell_class,gustatory,633
720575940630553415,cell_class,gustatory,1135
720575940632146340,cell_class,gustatory,1291
