root_id,classification_system,cell_type,num_synapses,min_synapses,softmax_threshold,ratio_threshold,bandwidth_quantile_value,min_synapses_ratio_value,GABA,ACh,Glut,Oct,Ser,DA,Unknown
720575940604865312,cell_class,AN,7493,400,0.25,0.16,0.14285714285714285,0.01,True,True,True,False,False,False,False
720575940604865312,cell_class,AN,7493,400,0.25,0.16,0.04,0.01,True,True,False,False,False,False,False
720575940623064909,cell_class,AN,3268,400,0.25,0.16,0.14285714285714285,0.01,False,True,False,False,False,False,False
720575940623064909,cell_class,AN,3268,400,0.25,0.16,0.04,0.01,False,True,False,False,False,False,False
720575940615288276,cell_class,AN,667,400,0.25,0.16,0.14285714285714285,0.01,True,True,True,True,True,False,False
720575940615288276,cell_class,AN,667,400,0.25,0.16,0.04,0.01,True,True,True,True,True,False,False
720575940624109340,cell_class,AN,837,400,0.25,0.16,0.14285714285714285,0.01,False,True,True,False,True,True,False
720575940624109340,cell_class,AN,837,400,0.25,0.16,0.04,0.01,False,True,True,False,True,False,False
720575940619559232,cell_class,AN,3887,400,0.25,0.16,0.14285714285714285,0.01,False,True,True,False,False,False,False
720575940619559232,cell_class,AN,3887,400,0.25,0.16,0.04,0.01,False,True,True,False,False,False,False
720575940628358533,cell_class,AN,1836,400,0.25,0.16,0.14285714285714285,0.01,True,True,True,True,True,False,False
720575940628358533,cell_class,AN,1836,400,0.25,0.16,0.04,0.01,True,True,True,True,True,False,False
720575940618942721,cell_class,AN,2709,400,0.25,0.16,0.14285714285714285,0.01,True,True,True,True,True,False,False
720575940618942721,cell_class,AN,2709,400,0.25,0.16,0.04,0.01,True,True,True,False,True,False,False
720575940626404429,cell_class,AN,1297,400,0.25,0.16,0.14285714285714285,0.01,True,True,True,False,True,False,False
720575940626404429,cell_class,AN,1297,400,0.25,0.16,0.04,0.01,True,True,True,False,True,False,False
720575940628754453,cell_class,AN,2207,400,0.25,0.16,0.14285714285714285,0.01,False,True,True,False,False,False,False
720575940628754453,cell_class,AN,2207,400,0.25,0.16,0.04,0.01,False,True,True,False,False,False,False
720575940629591793,cell_class,AN,2440,400,0.25,0.16,0.14285714285714285,0.01,True,True,True,True,True,True,False
720575940629591793,cell_class,AN,2440,400,0.25,0.16,0.04,0.01,False,False,True,True,True,True,False
720575940612861077,cell_class,AN,6541,400,0.25,0.16,0.14285714285714285,0.01,True,True,True,False,False,False,False
720575940612861077,cell_class,AN,6541,400,0.25,0.16,0.04,0.01,True,True,True,False,False,False,False
720575940618957825,cell_class,AN,7665,400,0.25,0.16,0.14285714285714285,0.01,True,True,False,False,True,False,False
720575940618957825,cell_class,AN,7665,400,0.25,0.16,0.04,0.01,True,True,False,False,True,False,False
720575940646473838,cell_class,AN,3887,400,0.25,0.16,0.14285714285714285,0.01,False,True,False,False,False,False,False
720575940646473838,cell_class,AN,3887,400,0.25,0.16,0.04,0.01,False,True,False,False,False,False,False
720575940629941507,cell_class,AN,682,400,0.25,0.16,0.14285714285714285,0.01,True,True,True,False,True,False,False
720575940629941507,cell_class,AN,682,400,0.25,0.16,0.04,0.01,True,True,True,False,True,False,False
720575940621314836,cell_class,AN,1611,400,0.25,0.16,0.14285714285714285,0.01,False,True,False,False,False,False,False
720575940621314836,cell_class,AN,1611,400,0.25,0.16,0.04,0.01,False,True,False,False,False,False,False
720575940621318420,cell_class,AN,973,400,0.25,0.16,0.14285714285714285,0.01,False,True,True,False,True,False,False
720575940621318420,cell_class,AN,973,400,0.25,0.16,0.04,0.01,False,True,True,False,True,False,False
720575940622002086,cell_class,AN,2349,400,0.25,0.16,0.14285714285714285,0.01,False,True,True,False,True,False,False
720575940622002086,cell_class,AN,2349,400,0.25,0.16,0.04,0.01,False,True,False,False,True,False,False
720575940631530348,cell_class,AN,1552,400,0.25,0.16,0.14285714285714285,0.01,True,True,True,True,True,True,False
720575940631530348,cell_class,AN,1552,400,0.25,0.16,0.04,0.01,True,False,True,True,True,True,False
720575940633142831,cell_class,AN,3058,400,0.25,0.16,0.14285714285714285,0.01,True,True,True,False,False,False,False
720575940633142831,cell_class,AN,3058,400,0.25,0.16,0.04,0.01,True,True,True,False,False,False,False
720575940623195725,cell_class,AN,1885,400,0.25,0.16,0.14285714285714285,0.01,True,True,True,True,True,False,False
720575940623195725,cell_class,AN,1885,400,0.25,0.16,0.04,0.01,True,True,True,False,False,False,False
720575940638985050,cell_class,AN,2811,400,0.25,0.16,0.14285714285714285,0.01,False,True,True,False,True,True,False
720575940638985050,cell_class,AN,2811,400,0.25,0.16,0.04,0.01,False,True,False,False,False,False,False
720575940624448138,cell_class,AN,6480,400,0.25,0.16,0.14285714285714285,0.01,False,True,False,False,False,False,False
720575940624448138,cell_class,AN,6480,400,0.25,0.16,0.04,0.01,False,True,False,False,False,False,False
720575940632381970,cell_class,AN,4582,400,0.25,0.16,0.14285714285714285,0.01,False,True,True,False,True,False,False
720575940632381970,cell_class,AN,4582,400,0.25,0.16,0.04,0.01,False,True,False,False,False,False,False
720575940632996920,cell_class,AN,4749,400,0.25,0.16,0.14285714285714285,0.01,True,True,True,False,True,True,False
720575940632996920,cell_class,AN,4749,400,0.25,0.16,0.04,0.01,False,True,False,False,True,False,False
720575940613403378,cell_class,AN,4581,400,0.25,0.16,0.14285714285714285,0.01,False,True,False,False,True,False,False
720575940613403378,cell_class,AN,4581,400,0.25,0.16,0.04,0.01,False,True,False,False,False,False,False
720575940613261810,cell_class,AN,7166,400,0.25,0.16,0.14285714285714285,0.01,False,True,True,False,True,True,False
720575940613261810,cell_class,AN,7166,400,0.25,0.16,0.04,0.01,False,True,False,False,False,False,False
720575940613608089,cell_class,AN,1252,400,0.25,0.16,0.14285714285714285,0.01,False,True,False,True,True,False,False
720575940613608089,cell_class,AN,1252,400,0.25,0.16,0.04,0.01,False,True,False,False,False,False,False
720575940622323382,cell_class,AN,4010,400,0.25,0.16,0.14285714285714285,0.01,False,True,True,False,True,True,False
720575940622323382,cell_class,AN,4010,400,0.25,0.16,0.04,0.01,False,True,True,False,False,True,False
720575940622947333,cell_class,AN,3374,400,0.25,0.16,0.14285714285714285,0.01,True,True,True,False,False,False,False
720575940622947333,cell_class,AN,3374,400,0.25,0.16,0.04,0.01,True,True,True,False,False,False,False
720575940614381283,cell_class,AN,1246,400,0.25,0.16,0.14285714285714285,0.01,True,True,True,False,False,False,False
720575940614381283,cell_class,AN,1246,400,0.25,0.16,0.04,0.01,True,False,True,False,False,False,False
720575940625837799,cell_class,AN,1338,400,0.25,0.16,0.14285714285714285,0.01,False,True,False,False,True,True,False
720575940625837799,cell_class,AN,1338,400,0.25,0.16,0.04,0.01,False,True,False,False,True,True,False
720575940617143124,cell_class,AN,837,400,0.25,0.16,0.14285714285714285,0.01,False,True,False,False,False,False,False
720575940617143124,cell_class,AN,837,400,0.25,0.16,0.04,0.01,False,True,False,False,False,False,False
720575940627177800,cell_class,AN,1418,400,0.25,0.16,0.14285714285714285,0.01,False,True,False,False,False,False,False
720575940627177800,cell_class,AN,1418,400,0.25,0.16,0.04,0.01,False,True,False,False,False,False,False
720575940622912500,cell_class,AN,1465,400,0.25,0.16,0.14285714285714285,0.01,False,True,True,False,False,False,False
720575940622912500,cell_class,AN,1465,400,0.25,0.16,0.04,0.01,False,True,True,False,False,False,False
720575940614380771,cell_class,AN,945,400,0.25,0.16,0.14285714285714285,0.01,False,True,True,False,False,True,False
720575940614380771,cell_class,AN,945,400,0.25,0.16,0.04,0.01,False,True,True,False,False,True,False
720575940640373557,cell_class,AN,1986,400,0.25,0.16,0.14285714285714285,0.01,False,True,True,False,True,True,False
720575940640373557,cell_class,AN,1986,400,0.25,0.16,0.04,0.01,False,True,False,False,True,False,False
720575940629176007,cell_class,AN,3980,400,0.25,0.16,0.14285714285714285,0.01,False,True,True,False,True,False,False
720575940629176007,cell_class,AN,3980,400,0.25,0.16,0.04,0.01,False,True,False,False,True,False,False
720575940640912291,cell_class,AN,1564,400,0.25,0.16,0.14285714285714285,0.01,False,False,False,True,True,False,False
720575940640912291,cell_class,AN,1564,400,0.25,0.16,0.04,0.01,False,False,False,False,True,False,False
720575940620731608,cell_class,AN,3877,400,0.25,0.16,0.14285714285714285,0.01,False,True,False,False,True,False,False
720575940620731608,cell_class,AN,3877,400,0.25,0.16,0.04,0.01,False,True,False,False,True,False,False
720575940623497340,cell_class,AN,1534,400,0.25,0.16,0.14285714285714285,0.01,False,True,False,False,True,True,False
720575940623497340,cell_class,AN,1534,400,0.25,0.16,0.04,0.01,False,True,False,False,True,True,False
720575940603801056,cell_class,AN,3002,400,0.25,0.16,0.14285714285714285,0.01,True,True,True,False,False,False,False
720575940603801056,cell_class,AN,3002,400,0.25,0.16,0.04,0.01,True,True,True,False,False,False,False
720575940645995543,cell_class,AN,7037,400,0.25,0.16,0.14285714285714285,0.01,True,True,False,False,True,False,False
720575940645995543,cell_class,AN,7037,400,0.25,0.16,0.04,0.01,False,True,False,False,False,False,False
720575940630021392,cell_class,AN,3906,400,0.25,0.16,0.14285714285714285,0.01,False,True,True,False,True,False,False
720575940630021392,cell_class,AN,3906,400,0.25,0.16,0.04,0.01,False,True,False,False,True,False,False
720575940622021117,cell_class,AN,738,400,0.25,0.16,0.14285714285714285,0.01,False,True,True,False,True,False,False
720575940622021117,cell_class,AN,738,400,0.25,0.16,0.04,0.01,False,True,True,False,True,False,False
720575940633209996,cell_class,AN,3255,400,0.25,0.16,0.14285714285714285,0.01,False,True,False,False,False,False,False
720575940633209996,cell_class,AN,3255,400,0.25,0.16,0.04,0.01,False,True,False,False,False,False,False
720575940623997539,cell_class,AN,712,400,0.25,0.16,0.14285714285714285,0.01,False,True,True,False,True,False,False
720575940623997539,cell_class,AN,712,400,0.25,0.16,0.04,0.01,False,True,False,False,True,False,False
720575940627378950,cell_class,AN,10461,400,0.25,0.16,0.14285714285714285,0.01,False,True,False,False,False,False,False
720575940627378950,cell_class,AN,10461,400,0.25,0.16,0.04,0.01,False,True,False,False,False,False,False
720575940624180519,cell_class,AN,2245,400,0.25,0.16,0.14285714285714285,0.01,True,True,True,False,True,False,False
720575940624180519,cell_class,AN,2245,400,0.25,0.16,0.04,0.01,True,True,True,False,True,False,False
720575940627404090,cell_class,AN,3274,400,0.25,0.16,0.14285714285714285,0.01,False,True,False,False,False,False,False
720575940627404090,cell_class,AN,3274,400,0.25,0.16,0.04,0.01,False,True,False,False,False,False,False
720575940619841886,cell_class,AN,1097,400,0.25,0.16,0.14285714285714285,0.01,False,True,True,False,False,True,False
720575940619841886,cell_class,AN,1097,400,0.25,0.16,0.04,0.01,False,True,True,False,False,True,False
720575940620677302,cell_class,AN,989,400,0.25,0.16,0.14285714285714285,0.01,False,True,False,False,False,False,False
720575940620677302,cell_class,AN,989,400,0.25,0.16,0.04,0.01,False,True,False,False,False,False,False
720575940637955968,cell_class,AN,595,400,0.25,0.16,0.14285714285714285,0.01,False,True,True,False,True,False,False
720575940637955968,cell_class,AN,595,400,0.25,0.16,0.04,0.01,False,True,True,False,True,False,False
720575940629965932,cell_class,AN,2663,400,0.25,0.16,0.14285714285714285,0.01,True,True,False,False,True,False,False
720575940629965932,cell_class,AN,2663,400,0.25,0.16,0.04,0.01,True,True,False,False,False,False,False
720575940628548711,cell_class,AN,5146,400,0.25,0.16,0.14285714285714285,0.01,True,True,True,False,False,False,False
720575940628548711,cell_class,AN,5146,400,0.25,0.16,0.04,0.01,True,True,True,False,False,False,False
720575940627824712,cell_class,AN,5270,400,0.25,0.16,0.14285714285714285,0.01,True,True,True,True,True,False,False
720575940627824712,cell_class,AN,5270,400,0.25,0.16,0.04,0.01,True,True,True,False,True,False,False
720575940644666916,cell_class,AN,2565,400,0.25,0.16,0.14285714285714285,0.01,False,True,True,False,True,False,False
720575940644666916,cell_class,AN,2565,400,0.25,0.16,0.04,0.01,False,True,True,False,False,False,False
720575940623118029,cell_class,AN,6457,400,0.25,0.16,0.14285714285714285,0.01,False,True,False,False,False,False,False
720575940623118029,cell_class,AN,6457,400,0.25,0.16,0.04,0.01,False,True,False,False,False,False,False
720575940627348712,cell_class,AN,750,400,0.25,0.16,0.14285714285714285,0.01,True,True,True,False,True,True,False
720575940627348712,cell_class,AN,750,400,0.25,0.16,0.04,0.01,True,True,True,False,False,False,False
720575940630763724,cell_class,AN,719,400,0.25,0.16,0.14285714285714285,0.01,True,True,True,False,True,False,False
720575940630763724,cell_class,AN,719,400,0.25,0.16,0.04,0.01,True,True,True,False,True,False,False
720575940626339130,cell_class,AN,6465,400,0.25,0.16,0.14285714285714285,0.01,True,True,True,False,False,False,False
720575940626339130,cell_class,AN,6465,400,0.25,0.16,0.04,0.01,False,True,False,False,False,False,False
720575940642422157,cell_class,AN,20573,400,0.25,0.16,0.14285714285714285,0.01,True,True,True,False,True,False,False
720575940642422157,cell_class,AN,20573,400,0.25,0.16,0.04,0.01,True,True,True,False,True,False,False
720575940611932842,cell_class,AN,8249,400,0.25,0.16,0.14285714285714285,0.01,True,True,True,False,True,False,False
720575940611932842,cell_class,AN,8249,400,0.25,0.16,0.04,0.01,True,True,True,False,False,False,False
720575940646554659,cell_class,AN,1769,400,0.25,0.16,0.14285714285714285,0.01,False,True,False,False,False,False,False
720575940646554659,cell_class,AN,1769,400,0.25,0.16,0.04,0.01,False,True,False,False,False,False,False
720575940645413940,cell_class,AN,561,400,0.25,0.16,0.14285714285714285,0.01,True,True,True,True,True,False,False
720575940645413940,cell_class,AN,561,400,0.25,0.16,0.04,0.01,False,True,True,False,True,False,False
720575940620670657,cell_class,AN,8106,400,0.25,0.16,0.14285714285714285,0.01,True,True,False,False,False,False,False
720575940620670657,cell_class,AN,8106,400,0.25,0.16,0.04,0.01,False,True,False,False,False,False,False
720575940611853265,cell_class,AN,962,400,0.25,0.16,0.14285714285714285,0.01,True,True,True,False,False,False,False
720575940611853265,cell_class,AN,962,400,0.25,0.16,0.04,0.01,False,True,True,False,False,False,False
720575940629528380,cell_class,AN,1014,400,0.25,0.16,0.14285714285714285,0.01,False,True,True,False,False,False,False
720575940629528380,cell_class,AN,1014,400,0.25,0.16,0.04,0.01,False,True,True,False,False,False,False
720575940611877841,cell_class,AN,7575,400,0.25,0.16,0.14285714285714285,0.01,True,True,False,False,False,False,False
720575940611877841,cell_class,AN,7575,400,0.25,0.16,0.04,0.01,False,True,False,False,False,False,False
720575940605223601,cell_class,AN,505,400,0.25,0.16,0.14285714285714285,0.01,True,True,True,False,True,False,False
720575940605223601,cell_class,AN,505,400,0.25,0.16,0.04,0.01,True,True,True,False,True,False,False
720575940628428443,cell_class,AN,6401,400,0.25,0.16,0.14285714285714285,0.01,True,True,True,False,True,False,False
720575940628428443,cell_class,AN,6401,400,0.25,0.16,0.04,0.01,True,True,True,False,True,False,False
720575940613439903,cell_class,AN,704,400,0.25,0.16,0.14285714285714285,0.01,True,True,True,False,True,False,False
720575940613439903,cell_class,AN,704,400,0.25,0.16,0.04,0.01,True,True,True,False,False,False,False
720575940613882822,cell_class,AN,402,400,0.25,0.16,0.14285714285714285,0.01,False,True,True,False,True,False,False
720575940613882822,cell_class,AN,402,400,0.25,0.16,0.04,0.01,False,True,True,False,False,False,False
720575940614438685,cell_class,AN,5192,400,0.25,0.16,0.14285714285714285,0.01,False,True,True,False,True,True,False
720575940614438685,cell_class,AN,5192,400,0.25,0.16,0.04,0.01,False,True,False,False,True,False,False
720575940628598142,cell_class,AN,4746,400,0.25,0.16,0.14285714285714285,0.01,False,True,False,False,False,False,False
720575940628598142,cell_class,AN,4746,400,0.25,0.16,0.04,0.01,False,True,False,False,False,False,False
720575940616862550,cell_class,AN,519,400,0.25,0.16,0.14285714285714285,0.01,True,True,True,False,True,True,False
720575940616862550,cell_class,AN,519,400,0.25,0.16,0.04,0.01,True,True,True,False,True,True,False
720575940634626144,cell_class,AN,3578,400,0.25,0.16,0.14285714285714285,0.01,True,True,True,False,False,True,False
720575940634626144,cell_class,AN,3578,400,0.25,0.16,0.04,0.01,True,True,True,False,False,False,False
720575940618401605,cell_class,AN,407,400,0.25,0.16,0.14285714285714285,0.01,True,True,True,False,True,False,False
720575940618401605,cell_class,AN,407,400,0.25,0.16,0.04,0.01,True,True,True,False,True,False,False
720575940628651369,cell_class,AN,463,400,0.25,0.16,0.14285714285714285,0.01,True,True,True,False,True,False,False
720575940628651369,cell_class,AN,463,400,0.25,0.16,0.04,0.01,True,True,False,False,True,False,False
720575940632754003,cell_class,AN,4903,400,0.25,0.16,0.14285714285714285,0.01,False,True,False,False,True,True,False
720575940632754003,cell_class,AN,4903,400,0.25,0.16,0.04,0.01,False,True,False,False,False,False,False
720575940620718605,cell_class,AN,2549,400,0.25,0.16,0.14285714285714285,0.01,False,True,True,False,True,False,False
720575940620718605,cell_class,AN,2549,400,0.25,0.16,0.04,0.01,False,True,True,False,True,False,False
720575940620742605,cell_class,AN,860,400,0.25,0.16,0.14285714285714285,0.01,True,True,True,False,True,False,False
720575940620742605,cell_class,AN,860,400,0.25,0.16,0.04,0.01,False,True,True,False,True,False,False
720575940627488252,cell_class,AN,584,400,0.25,0.16,0.14285714285714285,0.01,False,True,True,False,True,True,False
720575940627488252,cell_class,AN,584,400,0.25,0.16,0.04,0.01,False,True,True,False,True,True,False
720575940621114974,cell_class,AN,9520,400,0.25,0.16,0.14285714285714285,0.01,True,True,True,False,False,False,False
720575940621114974,cell_class,AN,9520,400,0.25,0.16,0.04,0.01,True,True,True,False,False,False,False
720575940622517784,cell_class,AN,750,400,0.25,0.16,0.14285714285714285,0.01,True,True,True,False,True,False,False
720575940622517784,cell_class,AN,750,400,0.25,0.16,0.04,0.01,True,True,True,False,False,False,False
720575940627538690,cell_class,AN,2214,400,0.25,0.16,0.14285714285714285,0.01,True,True,True,False,True,True,False
720575940627538690,cell_class,AN,2214,400,0.25,0.16,0.04,0.01,True,True,False,False,True,False,False
720575940612331618,cell_class,AN,1927,400,0.25,0.16,0.14285714285714285,0.01,True,True,True,False,True,True,False
720575940612331618,cell_class,AN,1927,400,0.25,0.16,0.04,0.01,True,True,True,False,False,False,False
720575940629306667,cell_class,AN,3042,400,0.25,0.16,0.14285714285714285,0.01,True,True,True,True,True,True,False
720575940629306667,cell_class,AN,3042,400,0.25,0.16,0.04,0.01,False,True,False,True,True,True,False
720575940628209801,cell_class,AN,2755,400,0.25,0.16,0.14285714285714285,0.01,True,True,True,True,True,True,False
720575940628209801,cell_class,AN,2755,400,0.25,0.16,0.04,0.01,True,True,True,True,True,True,False
720575940628644239,cell_class,AN,1271,400,0.25,0.16,0.14285714285714285,0.01,True,True,True,True,True,True,False
720575940628644239,cell_class,AN,1271,400,0.25,0.16,0.04,0.01,True,True,True,True,True,True,False
720575940623400629,cell_class,AN,2770,400,0.25,0.16,0.14285714285714285,0.01,True,True,True,False,True,False,False
720575940623400629,cell_class,AN,2770,400,0.25,0.16,0.04,0.01,True,True,False,False,False,False,False
720575940625526805,cell_class,AN,1844,400,0.25,0.16,0.14285714285714285,0.01,False,True,False,False,False,True,False
720575940625526805,cell_class,AN,1844,400,0.25,0.16,0.04,0.01,False,True,False,False,False,False,False
720575940623817776,cell_class,AN,7973,400,0.25,0.16,0.14285714285714285,0.01,True,True,True,False,False,False,False
720575940623817776,cell_class,AN,7973,400,0.25,0.16,0.04,0.01,True,True,True,False,False,False,False
720575940619202901,cell_class,AN,14749,400,0.25,0.16,0.14285714285714285,0.01,False,True,True,False,False,False,False
720575940619202901,cell_class,AN,14749,400,0.25,0.16,0.04,0.01,False,True,True,False,False,False,False
720575940629972983,cell_class,AN,1304,400,0.25,0.16,0.14285714285714285,0.01,True,True,True,False,True,False,False
720575940629972983,cell_class,AN,1304,400,0.25,0.16,0.04,0.01,True,True,False,False,True,False,False
720575940634584312,cell_class,AN,3544,400,0.25,0.16,0.14285714285714285,0.01,True,True,False,False,False,False,False
720575940634584312,cell_class,AN,3544,400,0.25,0.16,0.04,0.01,False,True,False,False,False,False,False
720575940632015699,cell_class,AN,6102,400,0.25,0.16,0.14285714285714285,0.01,True,True,True,False,False,False,False
720575940632015699,cell_class,AN,6102,400,0.25,0.16,0.04,0.01,True,True,False,False,False,False,False
720575940629630520,cell_class,AN,9340,400,0.25,0.16,0.14285714285714285,0.01,False,True,True,False,False,False,False
720575940629630520,cell_class,AN,9340,400,0.25,0.16,0.04,0.01,False,True,False,False,False,False,False
720575940616449093,cell_class,AN,10284,400,0.25,0.16,0.14285714285714285,0.01,False,True,True,False,False,True,False
720575940616449093,cell_class,AN,10284,400,0.25,0.16,0.04,0.01,False,True,True,False,False,False,False
720575940627546750,cell_class,AN,3481,400,0.25,0.16,0.14285714285714285,0.01,True,True,True,False,False,False,False
720575940627546750,cell_class,AN,3481,400,0.25,0.16,0.04,0.01,False,True,True,False,False,False,False
720575940624822003,cell_class,AN,1998,400,0.25,0.16,0.14285714285714285,0.01,True,True,True,False,False,True,False
720575940624822003,cell_class,AN,1998,400,0.25,0.16,0.04,0.01,True,True,True,False,False,False,False
720575940627108967,cell_class,AN,520,400,0.25,0.16,0.14285714285714285,0.01,True,True,False,False,True,False,False
720575940627108967,cell_class,AN,520,400,0.25,0.16,0.04,0.01,True,True,False,False,True,False,False
720575940606401970,cell_class,AN,1026,400,0.25,0.16,0.14285714285714285,0.01,False,True,True,False,True,True,False
720575940606401970,cell_class,AN,1026,400,0.25,0.16,0.04,0.01,False,True,True,False,True,True,False
720575940620066142,cell_class,AN,1813,400,0.25,0.16,0.14285714285714285,0.01,False,True,True,False,True,True,False
720575940620066142,cell_class,AN,1813,400,0.25,0.16,0.04,0.01,False,True,True,False,True,True,False
720575940627697664,cell_class,AN,5573,400,0.25,0.16,0.14285714285714285,0.01,False,True,True,False,False,False,False
720575940627697664,cell_class,AN,5573,400,0.25,0.16,0.04,0.01,False,True,True,False,False,False,False
720575940628552054,cell_class,AN,5259,400,0.25,0.16,0.14285714285714285,0.01,False,True,True,False,False,False,False
720575940628552054,cell_class,AN,5259,400,0.25,0.16,0.04,0.01,False,True,False,False,False,False,False
720575940621013517,cell_class,AN,1052,400,0.25,0.16,0.14285714285714285,0.01,False,True,False,False,True,False,False
720575940621013517,cell_class,AN,1052,400,0.25,0.16,0.04,0.01,False,True,False,False,True,False,False
720575940631401698,cell_class,AN,459,400,0.25,0.16,0.14285714285714285,0.01,True,True,True,False,True,False,False
720575940631401698,cell_class,AN,459,400,0.25,0.16,0.04,0.01,True,True,True,False,True,False,False
720575940619801793,cell_class,AN,1424,400,0.25,0.16,0.14285714285714285,0.01,False,True,False,False,True,False,False
720575940619801793,cell_class,AN,1424,400,0.25,0.16,0.04,0.01,False,True,False,False,False,False,False
720575940617484248,cell_class,AN,1273,400,0.25,0.16,0.14285714285714285,0.01,False,True,True,False,True,False,False
720575940617484248,cell_class,AN,1273,400,0.25,0.16,0.04,0.01,False,True,True,False,False,False,False
720575940627881728,cell_class,AN,972,400,0.25,0.16,0.14285714285714285,0.01,True,True,True,False,True,False,False
720575940627881728,cell_class,AN,972,400,0.25,0.16,0.04,0.01,True,True,True,False,True,False,False
720575940633366498,cell_class,AN,1306,400,0.25,0.16,0.14285714285714285,0.01,True,True,False,False,False,True,False
720575940633366498,cell_class,AN,1306,400,0.25,0.16,0.04,0.01,False,True,False,False,False,False,False
720575940613706546,cell_class,AN,2933,400,0.25,0.16,0.14285714285714285,0.01,False,True,True,False,True,True,False
720575940613706546,cell_class,AN,2933,400,0.25,0.16,0.04,0.01,False,True,True,False,True,False,False
720575940620373469,cell_class,AN,2598,400,0.25,0.16,0.14285714285714285,0.01,True,True,False,False,True,True,False
720575940620373469,cell_class,AN,2598,400,0.25,0.16,0.04,0.01,False,True,False,False,True,False,False
720575940613266026,cell_class,AN,477,400,0.25,0.16,0.14285714285714285,0.01,False,True,True,False,True,True,False
720575940613266026,cell_class,AN,477,400,0.25,0.16,0.04,0.01,False,True,False,False,True,False,False
720575940606346332,cell_class,AN,1288,400,0.25,0.16,0.14285714285714285,0.01,True,True,True,False,True,False,False
720575940606346332,cell_class,AN,1288,400,0.25,0.16,0.04,0.01,True,False,True,False,False,False,False
720575940619533483,cell_class,AN,903,400,0.25,0.16,0.14285714285714285,0.01,True,True,True,False,True,False,False
720575940619533483,cell_class,AN,903,400,0.25,0.16,0.04,0.01,True,True,True,False,True,False,False
720575940627493638,cell_class,AN,5273,400,0.25,0.16,0.14285714285714285,0.01,False,True,False,False,False,False,False
720575940627493638,cell_class,AN,5273,400,0.25,0.16,0.04,0.01,False,True,False,False,False,False,False
720575940611778713,cell_class,AN,1312,400,0.25,0.16,0.14285714285714285,0.01,False,True,True,False,True,True,False
720575940611778713,cell_class,AN,1312,400,0.25,0.16,0.04,0.01,False,True,True,False,True,True,False
720575940611904296,cell_class,AN,6775,400,0.25,0.16,0.14285714285714285,0.01,True,True,True,False,False,False,False
720575940611904296,cell_class,AN,6775,400,0.25,0.16,0.04,0.01,True,True,False,False,False,False,False
720575940612416766,cell_class,AN,983,400,0.25,0.16,0.14285714285714285,0.01,True,True,True,False,False,False,False
720575940612416766,cell_class,AN,983,400,0.25,0.16,0.04,0.01,True,True,True,False,False,False,False
720575940624057525,cell_class,AN,2340,400,0.25,0.16,0.14285714285714285,0.01,True,True,True,False,False,False,False
720575940624057525,cell_class,AN,2340,400,0.25,0.16,0.04,0.01,True,True,True,False,False,False,False
720575940635905893,cell_class,AN,722,400,0.25,0.16,0.14285714285714285,0.01,False,True,False,False,True,False,False
720575940635905893,cell_class,AN,722,400,0.25,0.16,0.04,0.01,False,True,False,False,False,False,False
720575940629901047,cell_class,AN,8995,400,0.25,0.16,0.14285714285714285,0.01,True,True,True,False,False,True,False
720575940629901047,cell_class,AN,8995,400,0.25,0.16,0.04,0.01,True,True,True,False,False,False,False
720575940628851984,cell_class,AN,1914,400,0.25,0.16,0.14285714285714285,0.01,False,True,True,False,True,False,False
720575940628851984,cell_class,AN,1914,400,0.25,0.16,0.04,0.01,False,True,False,False,False,False,False
720575940623060883,cell_class,AN,985,400,0.25,0.16,0.14285714285714285,0.01,True,True,True,False,True,False,False
720575940623060883,cell_class,AN,985,400,0.25,0.16,0.04,0.01,True,True,False,False,True,False,False
720575940625101389,cell_class,AN,501,400,0.25,0.16,0.14285714285714285,0.01,True,True,True,False,True,False,False
720575940625101389,cell_class,AN,501,400,0.25,0.16,0.04,0.01,False,True,True,False,True,False,False
720575940618019207,cell_class,AN,841,400,0.25,0.16,0.14285714285714285,0.01,False,True,True,False,True,False,False
720575940618019207,cell_class,AN,841,400,0.25,0.16,0.04,0.01,False,True,True,False,False,False,False
720575940610514073,cell_class,AN,2334,400,0.25,0.16,0.14285714285714285,0.01,True,True,True,True,True,True,False
720575940610514073,cell_class,AN,2334,400,0.25,0.16,0.04,0.01,False,True,True,True,True,True,False
720575940628515115,cell_class,AN,632,400,0.25,0.16,0.14285714285714285,0.01,False,True,True,True,True,False,False
720575940628515115,cell_class,AN,632,400,0.25,0.16,0.04,0.01,False,True,True,True,True,False,False
720575940623302988,cell_class,AN,16622,400,0.25,0.16,0.14285714285714285,0.01,False,True,False,False,True,False,False
720575940623302988,cell_class,AN,16622,400,0.25,0.16,0.04,0.01,False,True,False,False,True,False,False
720575940624910128,cell_class,AN,3317,400,0.25,0.16,0.14285714285714285,0.01,False,True,True,False,True,False,False
720575940624910128,cell_class,AN,3317,400,0.25,0.16,0.04,0.01,False,True,True,False,False,False,False
720575940611123093,cell_class,AN,3034,400,0.25,0.16,0.14285714285714285,0.01,True,True,True,False,False,False,False
720575940611123093,cell_class,AN,3034,400,0.25,0.16,0.04,0.01,True,True,True,False,False,False,False
720575940620811656,cell_class,AN,1733,400,0.25,0.16,0.14285714285714285,0.01,True,True,True,False,False,False,False
720575940620811656,cell_class,AN,1733,400,0.25,0.16,0.04,0.01,True,True,True,False,False,False,False
720575940643683744,cell_class,AN,14543,400,0.25,0.16,0.14285714285714285,0.01,True,True,True,False,False,True,False
720575940643683744,cell_class,AN,14543,400,0.25,0.16,0.04,0.01,False,True,False,False,False,False,False
720575940633884512,cell_class,AN,5107,400,0.25,0.16,0.14285714285714285,0.01,True,True,True,False,False,False,False
720575940633884512,cell_class,AN,5107,400,0.25,0.16,0.04,0.01,True,True,True,False,False,False,False
720575940609651758,cell_class,AN,2334,400,0.25,0.16,0.14285714285714285,0.01,True,True,True,False,False,False,False
720575940609651758,cell_class,AN,2334,400,0.25,0.16,0.04,0.01,True,True,True,False,False,False,False
720575940620631974,cell_class,AN,3234,400,0.25,0.16,0.14285714285714285,0.01,True,True,True,False,True,False,False
720575940620631974,cell_class,AN,3234,400,0.25,0.16,0.04,0.01,False,True,True,False,True,False,False
720575940619373703,cell_class,AN,13105,400,0.25,0.16,0.14285714285714285,0.01,False,True,True,False,True,False,False
720575940619373703,cell_class,AN,13105,400,0.25,0.16,0.04,0.01,False,True,False,False,False,False,False
720575940610784370,cell_class,AN,4318,400,0.25,0.16,0.14285714285714285,0.01,True,True,True,False,False,False,False
720575940610784370,cell_class,AN,4318,400,0.25,0.16,0.04,0.01,True,True,False,False,False,False,False
720575940639811024,cell_class,AN,2696,400,0.25,0.16,0.14285714285714285,0.01,False,True,False,False,False,False,False
720575940639811024,cell_class,AN,2696,400,0.25,0.16,0.04,0.01,False,True,False,False,False,False,False
720575940621057285,cell_class,AN,8273,400,0.25,0.16,0.14285714285714285,0.01,True,True,False,False,False,False,False
720575940621057285,cell_class,AN,8273,400,0.25,0.16,0.04,0.01,False,True,False,False,False,False,False
720575940629185084,cell_class,AN,1607,400,0.25,0.16,0.14285714285714285,0.01,False,True,True,False,False,True,False
720575940629185084,cell_class,AN,1607,400,0.25,0.16,0.04,0.01,False,False,True,False,False,False,False
720575940622401267,cell_class,AN,925,400,0.25,0.16,0.14285714285714285,0.01,False,True,True,False,False,True,False
720575940622401267,cell_class,AN,925,400,0.25,0.16,0.04,0.01,False,True,True,False,False,True,False
720575940623777061,cell_class,AN,503,400,0.25,0.16,0.14285714285714285,0.01,False,True,False,False,False,False,False
720575940623777061,cell_class,AN,503,400,0.25,0.16,0.04,0.01,False,True,False,False,False,False,False
720575940603814060,cell_class,AN,2386,400,0.25,0.16,0.14285714285714285,0.01,True,True,True,False,False,False,False
720575940603814060,cell_class,AN,2386,400,0.25,0.16,0.04,0.01,True,True,True,False,False,False,False
720575940627403719,cell_class,AN,2005,400,0.25,0.16,0.14285714285714285,0.01,False,True,False,False,True,False,False
720575940627403719,cell_class,AN,2005,400,0.25,0.16,0.04,0.01,False,True,False,False,False,False,False
720575940619003969,cell_class,AN,1605,400,0.25,0.16,0.14285714285714285,0.01,False,True,True,False,False,False,False
720575940619003969,cell_class,AN,1605,400,0.25,0.16,0.04,0.01,False,True,True,False,False,False,False
720575940635029146,cell_class,AN,4492,400,0.25,0.16,0.14285714285714285,0.01,True,True,True,False,False,False,False
720575940635029146,cell_class,AN,4492,400,0.25,0.16,0.04,0.01,True,True,False,False,False,False,False
720575940640396173,cell_class,AN,2025,400,0.25,0.16,0.14285714285714285,0.01,True,True,True,False,True,True,False
720575940640396173,cell_class,AN,2025,400,0.25,0.16,0.04,0.01,True,True,True,False,True,True,False
720575940625429647,cell_class,AN,912,400,0.25,0.16,0.14285714285714285,0.01,True,True,False,False,False,False,False
720575940625429647,cell_class,AN,912,400,0.25,0.16,0.04,0.01,False,True,False,False,False,False,False
720575940625486357,cell_class,AN,2240,400,0.25,0.16,0.14285714285714285,0.01,False,True,False,False,True,True,False
720575940625486357,cell_class,AN,2240,400,0.25,0.16,0.04,0.01,False,True,False,False,False,True,False
720575940612887080,cell_class,AN,7102,400,0.25,0.16,0.14285714285714285,0.01,True,True,True,False,False,False,False
720575940612887080,cell_class,AN,7102,400,0.25,0.16,0.04,0.01,True,True,True,False,False,False,False
720575940614678751,cell_class,AN,1322,400,0.25,0.16,0.14285714285714285,0.01,True,True,True,False,False,False,False
720575940614678751,cell_class,AN,1322,400,0.25,0.16,0.04,0.01,True,True,True,False,False,False,False
720575940612608790,cell_class,AN,904,400,0.25,0.16,0.14285714285714285,0.01,False,True,True,True,False,True,False
720575940612608790,cell_class,AN,904,400,0.25,0.16,0.04,0.01,False,True,True,False,False,False,False
720575940637106295,cell_class,AN,1701,400,0.25,0.16,0.14285714285714285,0.01,True,True,True,True,True,True,False
720575940637106295,cell_class,AN,1701,400,0.25,0.16,0.04,0.01,True,True,True,False,True,False,False
720575940610906773,cell_class,AN,944,400,0.25,0.16,0.14285714285714285,0.01,True,True,True,False,False,True,False
720575940610906773,cell_class,AN,944,400,0.25,0.16,0.04,0.01,True,True,True,False,False,False,False
720575940608729795,cell_class,AN,2361,400,0.25,0.16,0.14285714285714285,0.01,True,True,True,False,False,True,False
720575940608729795,cell_class,AN,2361,400,0.25,0.16,0.04,0.01,True,True,True,False,False,False,False
720575940627560386,cell_class,AN,1907,400,0.25,0.16,0.14285714285714285,0.01,True,True,True,True,False,False,False
720575940627560386,cell_class,AN,1907,400,0.25,0.16,0.04,0.01,True,True,True,False,False,False,False
720575940628962891,cell_class,AN,665,400,0.25,0.16,0.14285714285714285,0.01,True,True,True,True,True,True,False
720575940628962891,cell_class,AN,665,400,0.25,0.16,0.04,0.01,True,True,True,True,True,True,False
720575940617050196,cell_class,AN,843,400,0.25,0.16,0.14285714285714285,0.01,True,True,True,False,False,False,False
720575940617050196,cell_class,AN,843,400,0.25,0.16,0.04,0.01,True,True,False,False,False,False,False
720575940630126161,cell_class,AN,1542,400,0.25,0.16,0.14285714285714285,0.01,True,True,True,False,False,False,False
720575940630126161,cell_class,AN,1542,400,0.25,0.16,0.04,0.01,True,True,True,False,False,False,False
720575940627313180,cell_class,AN,6100,400,0.25,0.16,0.14285714285714285,0.01,False,True,False,False,False,False,False
720575940627313180,cell_class,AN,6100,400,0.25,0.16,0.04,0.01,False,True,False,False,False,False,False
720575940632786586,cell_class,AN,1518,400,0.25,0.16,0.14285714285714285,0.01,False,True,True,False,True,True,False
720575940632786586,cell_class,AN,1518,400,0.25,0.16,0.04,0.01,False,True,True,False,True,True,False
720575940632834911,cell_class,AN,3295,400,0.25,0.16,0.14285714285714285,0.01,True,True,True,False,False,False,False
720575940632834911,cell_class,AN,3295,400,0.25,0.16,0.04,0.01,True,True,True,False,False,False,False
720575940633387768,cell_class,AN,1282,400,0.25,0.16,0.14285714285714285,0.01,True,True,True,False,True,False,False
720575940633387768,cell_class,AN,1282,400,0.25,0.16,0.04,0.01,True,True,True,False,True,False,False
720575940614997555,cell_class,AN,2098,400,0.25,0.16,0.14285714285714285,0.01,False,True,True,True,True,True,False
720575940614997555,cell_class,AN,2098,400,0.25,0.16,0.04,0.01,False,True,True,True,True,True,False
720575940637396851,cell_class,AN,1232,400,0.25,0.16,0.14285714285714285,0.01,False,True,True,False,True,True,False
720575940637396851,cell_class,AN,1232,400,0.25,0.16,0.04,0.01,False,True,True,False,True,True,False
720575940611255475,cell_class,AN,4638,400,0.25,0.16,0.14285714285714285,0.01,False,True,True,False,False,False,False
720575940611255475,cell_class,AN,4638,400,0.25,0.16,0.04,0.01,False,True,True,False,False,False,False
720575940637507645,cell_class,AN,1800,400,0.25,0.16,0.14285714285714285,0.01,False,True,False,False,True,True,False
720575940637507645,cell_class,AN,1800,400,0.25,0.16,0.04,0.01,False,True,False,False,True,True,False
720575940623234567,cell_class,AN,2794,400,0.25,0.16,0.14285714285714285,0.01,False,True,False,False,False,False,False
720575940623234567,cell_class,AN,2794,400,0.25,0.16,0.04,0.01,False,True,False,False,False,False,False
720575940635668622,cell_class,AN,8996,400,0.25,0.16,0.14285714285714285,0.01,True,True,True,False,False,False,False
720575940635668622,cell_class,AN,8996,400,0.25,0.16,0.04,0.01,False,True,False,False,False,False,False
720575940641824200,cell_class,AN,841,400,0.25,0.16,0.14285714285714285,0.01,False,True,True,False,True,False,False
720575940641824200,cell_class,AN,841,400,0.25,0.16,0.04,0.01,False,True,True,False,True,False,False
720575940605707198,cell_class,AN,11352,400,0.25,0.16,0.14285714285714285,0.01,False,True,True,False,False,True,False
720575940605707198,cell_class,AN,11352,400,0.25,0.16,0.04,0.01,False,True,True,False,False,False,False
720575940628337511,cell_class,AN,2488,400,0.25,0.16,0.14285714285714285,0.01,True,True,True,True,True,False,False
720575940628337511,cell_class,AN,2488,400,0.25,0.16,0.04,0.01,False,True,True,True,True,False,False
720575940604926082,cell_class,AN,790,400,0.25,0.16,0.14285714285714285,0.01,True,True,True,False,True,False,False
720575940604926082,cell_class,AN,790,400,0.25,0.16,0.04,0.01,True,True,True,False,True,False,False
720575940637149006,cell_class,AN,476,400,0.25,0.16,0.14285714285714285,0.01,False,True,False,False,False,False,False
720575940637149006,cell_class,AN,476,400,0.25,0.16,0.04,0.01,False,True,False,False,False,False,False
720575940622109769,cell_class,AN,610,400,0.25,0.16,0.14285714285714285,0.01,True,True,True,False,True,False,False
720575940622109769,cell_class,AN,610,400,0.25,0.16,0.04,0.01,True,True,True,False,True,False,False
720575940622102182,cell_class,AN,2244,400,0.25,0.16,0.14285714285714285,0.01,True,True,True,True,True,True,False
720575940622102182,cell_class,AN,2244,400,0.25,0.16,0.04,0.01,False,True,True,True,False,False,False
720575940633183559,cell_class,AN,1292,400,0.25,0.16,0.14285714285714285,0.01,False,True,True,False,False,False,False
720575940633183559,cell_class,AN,1292,400,0.25,0.16,0.04,0.01,False,True,False,False,False,False,False
720575940629416266,cell_class,AN,4876,400,0.25,0.16,0.14285714285714285,0.01,False,True,True,False,True,True,False
720575940629416266,cell_class,AN,4876,400,0.25,0.16,0.04,0.01,False,True,True,False,True,False,False
720575940618459485,cell_class,AN,662,400,0.25,0.16,0.14285714285714285,0.01,True,True,True,False,True,True,False
720575940618459485,cell_class,AN,662,400,0.25,0.16,0.04,0.01,True,True,True,False,False,True,False
720575940621749697,cell_class,AN,2630,400,0.25,0.16,0.14285714285714285,0.01,True,False,True,False,True,True,False
720575940621749697,cell_class,AN,2630,400,0.25,0.16,0.04,0.01,True,False,True,False,False,False,False
720575940611603502,cell_class,AN,6268,400,0.25,0.16,0.14285714285714285,0.01,True,True,True,True,True,False,False
720575940611603502,cell_class,AN,6268,400,0.25,0.16,0.04,0.01,True,True,True,False,False,False,False
720575940634725345,cell_class,AN,1604,400,0.25,0.16,0.14285714285714285,0.01,True,True,True,False,False,True,False
720575940634725345,cell_class,AN,1604,400,0.25,0.16,0.04,0.01,True,True,True,False,False,True,False
720575940635591776,cell_class,AN,13471,400,0.25,0.16,0.14285714285714285,0.01,False,True,False,True,False,False,False
720575940635591776,cell_class,AN,13471,400,0.25,0.16,0.04,0.01,False,True,False,True,False,False,False
720575940645704996,cell_class,AN,8046,400,0.25,0.16,0.14285714285714285,0.01,True,True,True,False,False,False,False
720575940645704996,cell_class,AN,8046,400,0.25,0.16,0.04,0.01,False,True,True,False,False,False,False
720575940620096926,cell_class,AN,2152,400,0.25,0.16,0.14285714285714285,0.01,True,True,True,False,True,True,False
720575940620096926,cell_class,AN,2152,400,0.25,0.16,0.04,0.01,True,False,True,False,False,False,False
720575940627200004,cell_class,AN,2430,400,0.25,0.16,0.14285714285714285,0.01,False,True,False,False,True,False,False
720575940627200004,cell_class,AN,2430,400,0.25,0.16,0.04,0.01,False,True,False,False,False,False,False
720575940621765813,cell_class,AN,2470,400,0.25,0.16,0.14285714285714285,0.01,True,True,True,False,False,False,False
720575940621765813,cell_class,AN,2470,400,0.25,0.16,0.04,0.01,False,True,True,False,False,False,False
720575940623758377,cell_class,AN,4154,400,0.25,0.16,0.14285714285714285,0.01,False,True,True,True,True,True,False
720575940623758377,cell_class,AN,4154,400,0.25,0.16,0.04,0.01,False,True,True,True,True,True,False
720575940627490065,cell_class,AN,2818,400,0.25,0.16,0.14285714285714285,0.01,False,True,True,False,True,True,False
720575940627490065,cell_class,AN,2818,400,0.25,0.16,0.04,0.01,False,True,True,False,True,False,False
720575940642427789,cell_class,AN,4507,400,0.25,0.16,0.14285714285714285,0.01,False,True,False,False,False,False,False
720575940642427789,cell_class,AN,4507,400,0.25,0.16,0.04,0.01,False,True,False,False,False,False,False
720575940626648634,cell_class,AN,800,400,0.25,0.16,0.14285714285714285,0.01,False,True,True,False,True,False,False
720575940626648634,cell_class,AN,800,400,0.25,0.16,0.04,0.01,False,True,False,False,False,False,False
720575940605158572,cell_class,AN,2741,400,0.25,0.16,0.14285714285714285,0.01,True,True,True,False,False,True,False
720575940605158572,cell_class,AN,2741,400,0.25,0.16,0.04,0.01,True,True,True,False,False,True,False
720575940632001640,cell_class,AN,1974,400,0.25,0.16,0.14285714285714285,0.01,True,True,True,False,True,False,False
720575940632001640,cell_class,AN,1974,400,0.25,0.16,0.04,0.01,True,True,True,False,False,False,False
720575940647036724,cell_class,AN,3549,400,0.25,0.16,0.14285714285714285,0.01,True,True,False,True,True,True,False
720575940647036724,cell_class,AN,3549,400,0.25,0.16,0.04,0.01,False,True,False,True,True,True,False
720575940626901521,cell_class,AN,1965,400,0.25,0.16,0.14285714285714285,0.01,True,True,False,False,True,False,False
720575940626901521,cell_class,AN,1965,400,0.25,0.16,0.04,0.01,False,True,False,False,False,False,False
720575940627360774,cell_class,AN,2209,400,0.25,0.16,0.14285714285714285,0.01,False,True,False,False,False,False,False
720575940627360774,cell_class,AN,2209,400,0.25,0.16,0.04,0.01,False,True,False,False,False,False,False
720575940616553300,cell_class,AN,6305,400,0.25,0.16,0.14285714285714285,0.01,True,True,True,False,True,True,False
720575940616553300,cell_class,AN,6305,400,0.25,0.16,0.04,0.01,False,True,False,False,False,False,False
720575940636821616,cell_class,AN,46178,400,0.25,0.16,0.14285714285714285,0.01,False,True,False,False,False,False,False
720575940636821616,cell_class,AN,46178,400,0.25,0.16,0.04,0.01,False,True,False,False,False,False,False
