root_id,classification_system,cell_type,num_synapses,min_synapses,softmax_threshold,bandwidth_quantile_value,min_synapses_ratio_value,GABA_ratio,ACh_ratio,Glut_ratio,Oct_ratio,Ser_ratio,DA_ratio,Unknown_ratio,GABA_clusters,ACh_clusters,Glut_clusters,Ser_clusters,DA_clusters,Oct_clusters
720575940631953619,flow,afferent,517,400,0.25,0.14285714285714285,0.01,0.02321083172147002,0.7214700193423598,0.0038684719535783366,0.0019342359767891683,0.1895551257253385,0.059961315280464215,0.0,True,True,False,True,True,
720575940631953619,flow,afferent,517,400,0.25,0.04,0.01,0.02321083172147002,0.7214700193423598,0.0038684719535783366,0.0019342359767891683,0.1895551257253385,0.059961315280464215,0.0,True,True,False,True,True,
720575940626199059,flow,afferent,995,400,0.25,0.14285714285714285,0.01,0.036180904522613064,0.7276381909547739,0.003015075376884422,0.0,0.10050251256281408,0.13266331658291458,0.0,True,True,False,True,True,
720575940626199059,flow,afferent,995,400,0.25,0.04,0.01,0.036180904522613064,0.7276381909547739,0.003015075376884422,0.0,0.10050251256281408,0.13266331658291458,0.0,False,True,False,True,True,
720575940622403881,flow,afferent,491,400,0.25,0.14285714285714285,0.01,0.008146639511201629,0.395112016293279,0.002036659877800407,0.0,0.570264765784114,0.024439918533604887,0.0,False,True,,True,True,
720575940622403881,flow,afferent,491,400,0.25,0.04,0.01,0.008146639511201629,0.395112016293279,0.002036659877800407,0.0,0.570264765784114,0.024439918533604887,0.0,False,True,,True,False,
720575940624147600,flow,afferent,584,400,0.25,0.14285714285714285,0.01,0.0136986301369863,0.4400684931506849,0.0,0.0017123287671232876,0.2482876712328767,0.2962328767123288,0.0,True,True,,True,True,
720575940624147600,flow,afferent,584,400,0.25,0.04,0.01,0.0136986301369863,0.4400684931506849,0.0,0.0017123287671232876,0.2482876712328767,0.2962328767123288,0.0,False,True,,True,True,
720575940628225323,flow,afferent,431,400,0.25,0.14285714285714285,0.01,0.02320185614849188,0.6635730858468677,0.002320185614849188,0.0,0.19953596287703015,0.11136890951276102,0.0,True,True,,True,True,
720575940628225323,flow,afferent,431,400,0.25,0.04,0.01,0.02320185614849188,0.6635730858468677,0.002320185614849188,0.0,0.19953596287703015,0.11136890951276102,0.0,True,True,,True,True,
720575940610682578,flow,afferent,525,400,0.25,0.14285714285714285,0.01,0.005714285714285714,0.38285714285714284,0.0019047619047619048,0.0,0.26666666666666666,0.34285714285714286,0.0,False,True,,True,True,
720575940610682578,flow,afferent,525,400,0.25,0.04,0.01,0.005714285714285714,0.38285714285714284,0.0019047619047619048,0.0,0.26666666666666666,0.34285714285714286,0.0,False,True,,True,True,
720575940626357586,flow,afferent,480,400,0.25,0.14285714285714285,0.01,0.0020833333333333333,0.69375,0.0,0.0,0.24375,0.06041666666666667,0.0,,True,,True,True,
720575940626357586,flow,afferent,480,400,0.25,0.04,0.01,0.0020833333333333333,0.69375,0.0,0.0,0.24375,0.06041666666666667,0.0,,True,,True,True,
720575940635159982,flow,afferent,948,400,0.25,0.14285714285714285,0.01,0.05379746835443038,0.7415611814345991,0.0031645569620253164,0.0010548523206751054,0.06751054852320675,0.13185654008438819,0.0010548523206751054,True,True,False,True,True,
720575940635159982,flow,afferent,948,400,0.25,0.04,0.01,0.05379746835443038,0.7415611814345991,0.0031645569620253164,0.0010548523206751054,0.06751054852320675,0.13185654008438819,0.0010548523206751054,True,True,False,True,True,
720575940621373680,flow,afferent,415,400,0.25,0.14285714285714285,0.01,0.13012048192771083,0.4987951807228916,0.012048192771084338,0.0024096385542168677,0.21686746987951808,0.13975903614457832,0.0,True,True,True,True,True,
720575940621373680,flow,afferent,415,400,0.25,0.04,0.01,0.13012048192771083,0.4987951807228916,0.012048192771084338,0.0024096385542168677,0.21686746987951808,0.13975903614457832,0.0,True,True,False,True,True,
720575940616599069,flow,afferent,438,400,0.25,0.14285714285714285,0.01,0.05251141552511415,0.6872146118721462,0.0045662100456621,0.0045662100456621,0.16666666666666666,0.08447488584474885,0.0,True,True,False,True,True,False
720575940616599069,flow,afferent,438,400,0.25,0.04,0.01,0.05251141552511415,0.6872146118721462,0.0045662100456621,0.0045662100456621,0.16666666666666666,0.08447488584474885,0.0,True,True,False,True,True,False
720575940639836624,flow,afferent,502,400,0.25,0.14285714285714285,0.01,0.06573705179282868,0.6075697211155379,0.0,0.00796812749003984,0.21912350597609562,0.099601593625498,0.0,True,True,,True,True,False
720575940639836624,flow,afferent,502,400,0.25,0.04,0.01,0.06573705179282868,0.6075697211155379,0.0,0.00796812749003984,0.21912350597609562,0.099601593625498,0.0,True,True,,True,True,False
720575940625383155,flow,afferent,414,400,0.25,0.14285714285714285,0.01,0.07971014492753623,0.6038647342995169,0.014492753623188406,0.004830917874396135,0.21014492753623187,0.08695652173913043,0.0,True,True,True,True,True,False
720575940625383155,flow,afferent,414,400,0.25,0.04,0.01,0.07971014492753623,0.6038647342995169,0.014492753623188406,0.004830917874396135,0.21014492753623187,0.08695652173913043,0.0,True,True,False,True,True,False
720575940626064138,flow,afferent,431,400,0.25,0.14285714285714285,0.01,0.027842227378190254,0.5174013921113689,0.009280742459396751,0.004640371229698376,0.22041763341067286,0.22041763341067286,0.0,True,True,False,True,True,False
720575940626064138,flow,afferent,431,400,0.25,0.04,0.01,0.027842227378190254,0.5174013921113689,0.009280742459396751,0.004640371229698376,0.22041763341067286,0.22041763341067286,0.0,False,True,False,True,True,False
720575940647097732,flow,afferent,522,400,0.25,0.14285714285714285,0.01,0.005747126436781609,0.3045977011494253,0.0019157088122605363,0.007662835249042145,0.5440613026819924,0.1360153256704981,0.0,False,True,,True,True,False
720575940647097732,flow,afferent,522,400,0.25,0.04,0.01,0.005747126436781609,0.3045977011494253,0.0019157088122605363,0.007662835249042145,0.5440613026819924,0.1360153256704981,0.0,False,True,,True,True,False
720575940619440878,flow,afferent,430,400,0.25,0.14285714285714285,0.01,0.03255813953488372,0.5837209302325581,0.0,0.0,0.23953488372093024,0.14418604651162792,0.0,True,True,,True,True,
720575940619440878,flow,afferent,430,400,0.25,0.04,0.01,0.03255813953488372,0.5837209302325581,0.0,0.0,0.23953488372093024,0.14418604651162792,0.0,True,True,,True,True,
720575940621904166,flow,afferent,476,400,0.25,0.14285714285714285,0.01,0.025210084033613446,0.6701680672268907,0.0021008403361344537,0.0,0.24369747899159663,0.058823529411764705,0.0,True,True,,True,True,
720575940621904166,flow,afferent,476,400,0.25,0.04,0.01,0.025210084033613446,0.6701680672268907,0.0021008403361344537,0.0,0.24369747899159663,0.058823529411764705,0.0,True,True,,True,True,
720575940626012433,flow,afferent,429,400,0.25,0.14285714285714285,0.01,0.018648018648018648,0.6223776223776224,0.0,0.0,0.1888111888111888,0.17016317016317017,0.0,True,True,,True,True,
720575940626012433,flow,afferent,429,400,0.25,0.04,0.01,0.018648018648018648,0.6223776223776224,0.0,0.0,0.1888111888111888,0.17016317016317017,0.0,False,True,,True,True,
720575940631512376,flow,afferent,491,400,0.25,0.14285714285714285,0.01,0.032586558044806514,0.49287169042769857,0.0,0.0,0.3625254582484725,0.1120162932790224,0.0,True,True,,True,True,
720575940631512376,flow,afferent,491,400,0.25,0.04,0.01,0.032586558044806514,0.49287169042769857,0.0,0.0,0.3625254582484725,0.1120162932790224,0.0,True,True,,True,True,
720575940629384953,flow,afferent,563,400,0.25,0.14285714285714285,0.01,0.017761989342806393,0.42451154529307283,0.0017761989342806395,0.003552397868561279,0.46181172291296624,0.0905861456483126,0.0,True,True,,True,True,False
720575940629384953,flow,afferent,563,400,0.25,0.04,0.01,0.017761989342806393,0.42451154529307283,0.0017761989342806395,0.003552397868561279,0.46181172291296624,0.0905861456483126,0.0,False,True,,True,True,False
720575940633475991,flow,afferent,519,400,0.25,0.14285714285714285,0.01,0.025048169556840076,0.8420038535645472,0.0,0.0,0.10597302504816955,0.02697495183044316,0.0,True,True,,True,True,
720575940633475991,flow,afferent,519,400,0.25,0.04,0.01,0.025048169556840076,0.8420038535645472,0.0,0.0,0.10597302504816955,0.02697495183044316,0.0,True,True,,True,False,
720575940629226044,flow,afferent,425,400,0.25,0.14285714285714285,0.01,0.17647058823529413,0.6658823529411765,0.0,0.0,0.14588235294117646,0.011764705882352941,0.0,True,True,,True,False,
720575940629226044,flow,afferent,425,400,0.25,0.04,0.01,0.17647058823529413,0.6658823529411765,0.0,0.0,0.14588235294117646,0.011764705882352941,0.0,True,True,,True,False,
720575940620679233,flow,afferent,605,400,0.25,0.14285714285714285,0.01,0.021487603305785124,0.1834710743801653,0.0049586776859504135,0.0,0.5933884297520661,0.19669421487603306,0.0,True,True,False,True,True,
720575940620679233,flow,afferent,605,400,0.25,0.04,0.01,0.021487603305785124,0.1834710743801653,0.0049586776859504135,0.0,0.5933884297520661,0.19669421487603306,0.0,False,True,False,True,True,
720575940628198759,flow,afferent,452,400,0.25,0.14285714285714285,0.01,0.03761061946902655,0.47345132743362833,0.0,0.0,0.2588495575221239,0.23008849557522124,0.0,True,True,,True,True,
720575940628198759,flow,afferent,452,400,0.25,0.04,0.01,0.03761061946902655,0.47345132743362833,0.0,0.0,0.2588495575221239,0.23008849557522124,0.0,True,True,,True,True,
720575940628565776,flow,afferent,439,400,0.25,0.14285714285714285,0.01,0.025056947608200455,0.6697038724373576,0.002277904328018223,0.002277904328018223,0.25968109339407747,0.04100227790432802,0.0,True,True,,True,True,
720575940628565776,flow,afferent,439,400,0.25,0.04,0.01,0.025056947608200455,0.6697038724373576,0.002277904328018223,0.002277904328018223,0.25968109339407747,0.04100227790432802,0.0,True,True,,True,True,
720575940614257986,flow,afferent,619,400,0.25,0.14285714285714285,0.01,0.07269789983844911,0.3683360258481422,0.0016155088852988692,0.012924071082390954,0.4894991922455573,0.05492730210016155,0.0,True,True,,True,True,False
720575940614257986,flow,afferent,619,400,0.25,0.04,0.01,0.07269789983844911,0.3683360258481422,0.0016155088852988692,0.012924071082390954,0.4894991922455573,0.05492730210016155,0.0,True,True,,True,True,False
720575940618946901,flow,afferent,417,400,0.25,0.14285714285714285,0.01,0.045563549160671464,0.5323741007194245,0.0,0.016786570743405275,0.38609112709832133,0.019184652278177457,0.0,True,True,,True,True,True
720575940618946901,flow,afferent,417,400,0.25,0.04,0.01,0.045563549160671464,0.5323741007194245,0.0,0.016786570743405275,0.38609112709832133,0.019184652278177457,0.0,True,True,,True,True,True
720575940619298731,flow,afferent,410,400,0.25,0.14285714285714285,0.01,0.04390243902439024,0.651219512195122,0.00975609756097561,0.01707317073170732,0.22439024390243903,0.05365853658536585,0.0,True,True,True,True,True,True
720575940619298731,flow,afferent,410,400,0.25,0.04,0.01,0.04390243902439024,0.651219512195122,0.00975609756097561,0.01707317073170732,0.22439024390243903,0.05365853658536585,0.0,True,True,False,True,True,True
720575940611157466,flow,afferent,420,400,0.25,0.14285714285714285,0.01,0.047619047619047616,0.5833333333333334,0.014285714285714285,0.0,0.20476190476190476,0.15,0.0,True,True,True,True,True,
720575940611157466,flow,afferent,420,400,0.25,0.04,0.01,0.047619047619047616,0.5833333333333334,0.014285714285714285,0.0,0.20476190476190476,0.15,0.0,True,True,True,True,True,
720575940603871404,flow,afferent,465,400,0.25,0.14285714285714285,0.01,0.05591397849462366,0.6838709677419355,0.025806451612903226,0.004301075268817204,0.17634408602150536,0.053763440860215055,0.0,True,True,False,True,True,False
720575940603871404,flow,afferent,465,400,0.25,0.04,0.01,0.05591397849462366,0.6838709677419355,0.025806451612903226,0.004301075268817204,0.17634408602150536,0.053763440860215055,0.0,True,True,False,True,True,False
720575940639506776,flow,afferent,504,400,0.25,0.14285714285714285,0.01,0.017857142857142856,0.4801587301587302,0.0,0.001984126984126984,0.42658730158730157,0.07341269841269842,0.0,True,True,,True,True,
720575940639506776,flow,afferent,504,400,0.25,0.04,0.01,0.017857142857142856,0.4801587301587302,0.0,0.001984126984126984,0.42658730158730157,0.07341269841269842,0.0,False,True,,True,True,
720575940627465871,flow,afferent,552,400,0.25,0.14285714285714285,0.01,0.021739130434782608,0.3858695652173913,0.0,0.0,0.532608695652174,0.059782608695652176,0.0,True,True,,True,True,
720575940627465871,flow,afferent,552,400,0.25,0.04,0.01,0.021739130434782608,0.3858695652173913,0.0,0.0,0.532608695652174,0.059782608695652176,0.0,True,True,,True,True,
720575940621767629,flow,afferent,580,400,0.25,0.14285714285714285,0.01,0.022413793103448276,0.6051724137931035,0.0,0.0034482758620689655,0.31724137931034485,0.05172413793103448,0.0,True,True,,True,True,False
720575940621767629,flow,afferent,580,400,0.25,0.04,0.01,0.022413793103448276,0.6051724137931035,0.0,0.0034482758620689655,0.31724137931034485,0.05172413793103448,0.0,True,True,,True,True,False
720575940618512331,flow,afferent,472,400,0.25,0.14285714285714285,0.01,0.0635593220338983,0.3707627118644068,0.00423728813559322,0.01059322033898305,0.4639830508474576,0.0847457627118644,0.00211864406779661,True,True,False,True,True,False
720575940618512331,flow,afferent,472,400,0.25,0.04,0.01,0.0635593220338983,0.3707627118644068,0.00423728813559322,0.01059322033898305,0.4639830508474576,0.0847457627118644,0.00211864406779661,True,True,False,True,True,False
720575940625044743,flow,afferent,520,400,0.25,0.14285714285714285,0.01,0.057692307692307696,0.5326923076923077,0.007692307692307693,0.0,0.175,0.22692307692307692,0.0,True,True,False,True,True,
720575940625044743,flow,afferent,520,400,0.25,0.04,0.01,0.057692307692307696,0.5326923076923077,0.007692307692307693,0.0,0.175,0.22692307692307692,0.0,True,True,False,True,True,
720575940630734587,flow,afferent,510,400,0.25,0.14285714285714285,0.01,0.050980392156862744,0.5392156862745098,0.00196078431372549,0.0058823529411764705,0.28431372549019607,0.11568627450980393,0.00196078431372549,True,True,,True,True,False
720575940630734587,flow,afferent,510,400,0.25,0.04,0.01,0.050980392156862744,0.5392156862745098,0.00196078431372549,0.0058823529411764705,0.28431372549019607,0.11568627450980393,0.00196078431372549,True,True,,True,True,False
720575940613466577,flow,afferent,775,400,0.25,0.14285714285714285,0.01,0.024516129032258065,0.5264516129032258,0.003870967741935484,0.007741935483870968,0.31870967741935485,0.11870967741935484,0.0,True,True,False,True,True,False
720575940613466577,flow,afferent,775,400,0.25,0.04,0.01,0.024516129032258065,0.5264516129032258,0.003870967741935484,0.007741935483870968,0.31870967741935485,0.11870967741935484,0.0,False,True,False,True,True,False
720575940624500519,flow,afferent,498,400,0.25,0.14285714285714285,0.01,0.004016064257028112,0.3333333333333333,0.002008032128514056,0.014056224899598393,0.4939759036144578,0.15261044176706828,0.0,False,True,,True,True,True
720575940624500519,flow,afferent,498,400,0.25,0.04,0.01,0.004016064257028112,0.3333333333333333,0.002008032128514056,0.014056224899598393,0.4939759036144578,0.15261044176706828,0.0,False,True,,True,True,True
720575940626125626,flow,afferent,1000,400,0.25,0.14285714285714285,0.01,0.07,0.795,0.01,0.027,0.091,0.007,0.0,True,True,False,True,False,True
720575940626125626,flow,afferent,1000,400,0.25,0.04,0.01,0.07,0.795,0.01,0.027,0.091,0.007,0.0,True,True,False,True,False,True
720575940627316303,flow,afferent,795,400,0.25,0.14285714285714285,0.01,0.04025157232704402,0.36855345911949683,0.013836477987421384,0.0037735849056603774,0.44528301886792454,0.12830188679245283,0.0,True,True,False,True,True,False
720575940627316303,flow,afferent,795,400,0.25,0.04,0.01,0.04025157232704402,0.36855345911949683,0.013836477987421384,0.0037735849056603774,0.44528301886792454,0.12830188679245283,0.0,False,True,False,True,True,False
720575940614105342,flow,afferent,710,400,0.25,0.14285714285714285,0.01,0.04647887323943662,0.5225352112676056,0.0,0.023943661971830985,0.24084507042253522,0.1647887323943662,0.0014084507042253522,True,True,,True,True,True
720575940614105342,flow,afferent,710,400,0.25,0.04,0.01,0.04647887323943662,0.5225352112676056,0.0,0.023943661971830985,0.24084507042253522,0.1647887323943662,0.0014084507042253522,True,True,,True,True,True
720575940615659381,flow,afferent,660,400,0.25,0.14285714285714285,0.01,0.06060606060606061,0.44696969696969696,0.0015151515151515152,0.00909090909090909,0.36666666666666664,0.11515151515151516,0.0,True,True,,True,True,False
720575940615659381,flow,afferent,660,400,0.25,0.04,0.01,0.06060606060606061,0.44696969696969696,0.0015151515151515152,0.00909090909090909,0.36666666666666664,0.11515151515151516,0.0,True,True,,True,True,False
720575940626202237,flow,afferent,693,400,0.25,0.14285714285714285,0.01,0.06204906204906205,0.43001443001443,0.004329004329004329,0.005772005772005772,0.32323232323232326,0.1746031746031746,0.0,True,True,False,True,True,False
720575940626202237,flow,afferent,693,400,0.25,0.04,0.01,0.06204906204906205,0.43001443001443,0.004329004329004329,0.005772005772005772,0.32323232323232326,0.1746031746031746,0.0,True,True,False,True,True,False
720575940630738171,flow,afferent,988,400,0.25,0.14285714285714285,0.01,0.029352226720647773,0.6508097165991903,0.0020242914979757085,0.0,0.16295546558704455,0.1548582995951417,0.0,True,True,False,True,True,
720575940630738171,flow,afferent,988,400,0.25,0.04,0.01,0.029352226720647773,0.6508097165991903,0.0020242914979757085,0.0,0.16295546558704455,0.1548582995951417,0.0,True,True,False,True,True,
720575940629350782,flow,afferent,718,400,0.25,0.14285714285714285,0.01,0.03064066852367688,0.4233983286908078,0.013927576601671309,0.001392757660167131,0.4331476323119777,0.09610027855153204,0.001392757660167131,True,True,True,True,True,
720575940629350782,flow,afferent,718,400,0.25,0.04,0.01,0.03064066852367688,0.4233983286908078,0.013927576601671309,0.001392757660167131,0.4331476323119777,0.09610027855153204,0.001392757660167131,False,True,False,True,True,
720575940617645652,flow,afferent,526,400,0.25,0.14285714285714285,0.01,0.03231939163498099,0.30988593155893535,0.011406844106463879,0.0,0.4923954372623574,0.15399239543726237,0.0,True,True,False,True,True,
720575940617645652,flow,afferent,526,400,0.25,0.04,0.01,0.03231939163498099,0.30988593155893535,0.011406844106463879,0.0,0.4923954372623574,0.15399239543726237,0.0,True,True,False,True,True,
720575940631084684,flow,afferent,972,400,0.25,0.14285714285714285,0.01,0.030864197530864196,0.8919753086419753,0.0030864197530864196,0.0,0.06584362139917696,0.00823045267489712,0.0,True,True,False,True,False,
720575940631084684,flow,afferent,972,400,0.25,0.04,0.01,0.030864197530864196,0.8919753086419753,0.0030864197530864196,0.0,0.06584362139917696,0.00823045267489712,0.0,False,True,False,True,False,
720575940638872629,flow,afferent,901,400,0.25,0.14285714285714285,0.01,0.013318534961154272,0.5061043285238623,0.008879023307436182,0.004439511653718091,0.27746947835738067,0.1897891231964484,0.0,True,True,False,True,True,False
720575940638872629,flow,afferent,901,400,0.25,0.04,0.01,0.013318534961154272,0.5061043285238623,0.008879023307436182,0.004439511653718091,0.27746947835738067,0.1897891231964484,0.0,False,True,False,True,True,False
720575940627817260,flow,afferent,678,400,0.25,0.14285714285714285,0.01,0.140117994100295,0.2949852507374631,0.02654867256637168,0.011799410029498525,0.2713864306784661,0.2551622418879056,0.0,True,True,True,True,True,False
720575940627817260,flow,afferent,678,400,0.25,0.04,0.01,0.140117994100295,0.2949852507374631,0.02654867256637168,0.011799410029498525,0.2713864306784661,0.2551622418879056,0.0,True,True,False,True,True,False
720575940620253311,flow,afferent,1036,400,0.25,0.14285714285714285,0.01,0.04826254826254826,0.7480694980694981,0.004826254826254826,0.0,0.08687258687258688,0.11196911196911197,0.0,True,True,False,True,True,
720575940620253311,flow,afferent,1036,400,0.25,0.04,0.01,0.04826254826254826,0.7480694980694981,0.004826254826254826,0.0,0.08687258687258688,0.11196911196911197,0.0,True,True,False,True,True,
720575940630696901,flow,afferent,983,400,0.25,0.14285714285714285,0.01,0.013224821973550356,0.6968463886063072,0.002034587995930824,0.002034587995930824,0.21566632756866735,0.07019328585961343,0.0,False,True,False,True,True,False
720575940630696901,flow,afferent,983,400,0.25,0.04,0.01,0.013224821973550356,0.6968463886063072,0.002034587995930824,0.002034587995930824,0.21566632756866735,0.07019328585961343,0.0,False,True,False,True,True,False
720575940611845034,flow,afferent,749,400,0.25,0.14285714285714285,0.01,0.006675567423230975,0.4766355140186916,0.0026702269692923898,0.0,0.4325767690253672,0.0814419225634179,0.0,False,True,False,True,True,
720575940611845034,flow,afferent,749,400,0.25,0.04,0.01,0.006675567423230975,0.4766355140186916,0.0026702269692923898,0.0,0.4325767690253672,0.0814419225634179,0.0,False,True,False,True,True,
720575940629343799,flow,afferent,1239,400,0.25,0.14285714285714285,0.01,0.09281678773204197,0.7586763518966909,0.00887812752219532,0.004842615012106538,0.10734463276836158,0.02744148506860371,0.0,True,True,False,True,True,False
720575940629343799,flow,afferent,1239,400,0.25,0.04,0.01,0.09281678773204197,0.7586763518966909,0.00887812752219532,0.004842615012106538,0.10734463276836158,0.02744148506860371,0.0,True,True,False,True,False,False
720575940648191609,flow,afferent,646,400,0.25,0.14285714285714285,0.01,0.03560371517027864,0.6826625386996904,0.0015479876160990713,0.0015479876160990713,0.17182662538699692,0.10681114551083591,0.0,True,True,,True,True,
720575940648191609,flow,afferent,646,400,0.25,0.04,0.01,0.03560371517027864,0.6826625386996904,0.0015479876160990713,0.0015479876160990713,0.17182662538699692,0.10681114551083591,0.0,True,True,,True,True,
720575940617454114,flow,afferent,875,400,0.25,0.14285714285714285,0.01,0.019428571428571427,0.7737142857142857,0.0034285714285714284,0.0,0.15885714285714286,0.044571428571428574,0.0,True,True,False,True,True,
720575940617454114,flow,afferent,875,400,0.25,0.04,0.01,0.019428571428571427,0.7737142857142857,0.0034285714285714284,0.0,0.15885714285714286,0.044571428571428574,0.0,False,True,False,True,True,
720575940620705012,flow,afferent,746,400,0.25,0.14285714285714285,0.01,0.06836461126005362,0.8512064343163539,0.002680965147453083,0.002680965147453083,0.058981233243967826,0.0160857908847185,0.0,True,True,False,True,False,False
720575940620705012,flow,afferent,746,400,0.25,0.04,0.01,0.06836461126005362,0.8512064343163539,0.002680965147453083,0.002680965147453083,0.058981233243967826,0.0160857908847185,0.0,True,True,False,True,False,False
720575940618806101,flow,afferent,438,400,0.25,0.14285714285714285,0.01,0.04337899543378995,0.6894977168949772,0.0,0.00684931506849315,0.23059360730593606,0.02968036529680365,0.0,True,True,,True,True,False
720575940618806101,flow,afferent,438,400,0.25,0.04,0.01,0.04337899543378995,0.6894977168949772,0.0,0.00684931506849315,0.23059360730593606,0.02968036529680365,0.0,True,True,,True,True,False
720575940612149014,flow,afferent,495,400,0.25,0.14285714285714285,0.01,0.01818181818181818,0.4161616161616162,0.0,0.00202020202020202,0.40606060606060607,0.15757575757575756,0.0,True,True,,True,True,
720575940612149014,flow,afferent,495,400,0.25,0.04,0.01,0.01818181818181818,0.4161616161616162,0.0,0.00202020202020202,0.40606060606060607,0.15757575757575756,0.0,True,True,,True,True,
720575940609586645,flow,afferent,414,400,0.25,0.14285714285714285,0.01,0.007246376811594203,0.2560386473429952,0.00966183574879227,0.00966183574879227,0.5893719806763285,0.1280193236714976,0.0,False,True,False,True,True,False
720575940609586645,flow,afferent,414,400,0.25,0.04,0.01,0.007246376811594203,0.2560386473429952,0.00966183574879227,0.00966183574879227,0.5893719806763285,0.1280193236714976,0.0,False,True,False,True,True,False
720575940623267559,flow,afferent,1212,400,0.25,0.14285714285714285,0.01,0.06930693069306931,0.8638613861386139,0.0024752475247524753,0.0,0.04950495049504951,0.01485148514851485,0.0,True,True,False,True,False,
720575940623267559,flow,afferent,1212,400,0.25,0.04,0.01,0.06930693069306931,0.8638613861386139,0.0024752475247524753,0.0,0.04950495049504951,0.01485148514851485,0.0,False,True,False,True,False,
720575940620024560,flow,afferent,565,400,0.25,0.14285714285714285,0.01,0.26902654867256637,0.44601769911504424,0.02831858407079646,0.0017699115044247787,0.15398230088495576,0.10088495575221239,0.0,True,True,True,True,True,
720575940620024560,flow,afferent,565,400,0.25,0.04,0.01,0.26902654867256637,0.44601769911504424,0.02831858407079646,0.0017699115044247787,0.15398230088495576,0.10088495575221239,0.0,True,True,True,True,True,
720575940624853276,flow,afferent,675,400,0.25,0.14285714285714285,0.01,0.017777777777777778,0.5288888888888889,0.0,0.0014814814814814814,0.34814814814814815,0.1037037037037037,0.0,True,True,,True,True,
720575940624853276,flow,afferent,675,400,0.25,0.04,0.01,0.017777777777777778,0.5288888888888889,0.0,0.0014814814814814814,0.34814814814814815,0.1037037037037037,0.0,False,True,,True,True,
720575940617626781,flow,afferent,441,400,0.25,0.14285714285714285,0.01,0.027210884353741496,0.5873015873015873,0.006802721088435374,0.0,0.35147392290249435,0.027210884353741496,0.0,True,True,False,True,True,
720575940617626781,flow,afferent,441,400,0.25,0.04,0.01,0.027210884353741496,0.5873015873015873,0.006802721088435374,0.0,0.35147392290249435,0.027210884353741496,0.0,True,True,False,True,True,
720575940612140781,flow,afferent,592,400,0.25,0.14285714285714285,0.01,0.03885135135135135,0.6537162162162162,0.0016891891891891893,0.0,0.1570945945945946,0.14864864864864866,0.0,True,True,,True,True,
720575940612140781,flow,afferent,592,400,0.25,0.04,0.01,0.03885135135135135,0.6537162162162162,0.0016891891891891893,0.0,0.1570945945945946,0.14864864864864866,0.0,True,True,,True,True,
720575940631003723,flow,afferent,695,400,0.25,0.14285714285714285,0.01,0.03884892086330935,0.4460431654676259,0.0057553956834532375,0.031654676258992806,0.3640287769784173,0.11223021582733812,0.0014388489208633094,True,True,False,True,True,True
720575940631003723,flow,afferent,695,400,0.25,0.04,0.01,0.03884892086330935,0.4460431654676259,0.0057553956834532375,0.031654676258992806,0.3640287769784173,0.11223021582733812,0.0014388489208633094,True,True,False,True,True,True
720575940646094388,flow,afferent,509,400,0.25,0.14285714285714285,0.01,0.19842829076620824,0.4106090373280943,0.011787819253438114,0.003929273084479371,0.3280943025540275,0.047151277013752456,0.0,True,True,False,True,True,False
720575940646094388,flow,afferent,509,400,0.25,0.04,0.01,0.19842829076620824,0.4106090373280943,0.011787819253438114,0.003929273084479371,0.3280943025540275,0.047151277013752456,0.0,True,True,False,True,True,False
720575940611208818,flow,afferent,922,400,0.25,0.14285714285714285,0.01,0.06182212581344902,0.7494577006507592,0.004338394793926247,0.0010845986984815619,0.10086767895878525,0.0824295010845987,0.0,True,True,False,True,True,
720575940611208818,flow,afferent,922,400,0.25,0.04,0.01,0.06182212581344902,0.7494577006507592,0.004338394793926247,0.0010845986984815619,0.10086767895878525,0.0824295010845987,0.0,True,True,False,True,True,
720575940611905138,flow,afferent,676,400,0.25,0.14285714285714285,0.01,0.019230769230769232,0.5458579881656804,0.005917159763313609,0.0073964497041420114,0.30029585798816566,0.12130177514792899,0.0,True,True,False,True,True,False
720575940611905138,flow,afferent,676,400,0.25,0.04,0.01,0.019230769230769232,0.5458579881656804,0.005917159763313609,0.0073964497041420114,0.30029585798816566,0.12130177514792899,0.0,False,True,False,True,True,False
720575940637728063,flow,afferent,685,400,0.25,0.14285714285714285,0.01,0.026277372262773723,0.5766423357664233,0.00583941605839416,0.008759124087591242,0.29781021897810217,0.08467153284671533,0.0,True,True,False,True,True,True
720575940637728063,flow,afferent,685,400,0.25,0.04,0.01,0.026277372262773723,0.5766423357664233,0.00583941605839416,0.008759124087591242,0.29781021897810217,0.08467153284671533,0.0,True,True,False,True,True,False
720575940615831947,flow,afferent,759,400,0.25,0.14285714285714285,0.01,0.052700922266139656,0.8814229249011858,0.0013175230566534915,0.0,0.048748353096179184,0.015810276679841896,0.0,True,True,,True,False,
720575940615831947,flow,afferent,759,400,0.25,0.04,0.01,0.052700922266139656,0.8814229249011858,0.0013175230566534915,0.0,0.048748353096179184,0.015810276679841896,0.0,True,True,,False,False,
720575940619429803,flow,afferent,861,400,0.25,0.14285714285714285,0.01,0.04878048780487805,0.9117305458768873,0.0011614401858304297,0.0,0.032520325203252036,0.005807200929152149,0.0,True,True,,False,False,
720575940619429803,flow,afferent,861,400,0.25,0.04,0.01,0.04878048780487805,0.9117305458768873,0.0011614401858304297,0.0,0.032520325203252036,0.005807200929152149,0.0,True,True,,False,False,
720575940615809366,flow,afferent,1080,400,0.25,0.14285714285714285,0.01,0.025,0.6231481481481481,0.009259259259259259,0.0,0.19907407407407407,0.14351851851851852,0.0,True,True,False,True,True,
720575940615809366,flow,afferent,1080,400,0.25,0.04,0.01,0.025,0.6231481481481481,0.009259259259259259,0.0,0.19907407407407407,0.14351851851851852,0.0,True,True,False,True,True,
720575940627239848,flow,afferent,965,400,0.25,0.14285714285714285,0.01,0.017616580310880828,0.7295336787564767,0.0010362694300518134,0.0,0.20621761658031088,0.04559585492227979,0.0,True,True,,True,True,
720575940627239848,flow,afferent,965,400,0.25,0.04,0.01,0.017616580310880828,0.7295336787564767,0.0010362694300518134,0.0,0.20621761658031088,0.04559585492227979,0.0,False,True,,True,False,
720575940625868184,flow,afferent,1047,400,0.25,0.14285714285714285,0.01,0.019102196752626553,0.894937917860554,0.007640878701050621,0.0009551098376313276,0.07449856733524356,0.0028653295128939827,0.0,False,True,False,True,False,
720575940625868184,flow,afferent,1047,400,0.25,0.04,0.01,0.019102196752626553,0.894937917860554,0.007640878701050621,0.0009551098376313276,0.07449856733524356,0.0028653295128939827,0.0,False,True,False,True,False,
720575940621897496,flow,afferent,824,400,0.25,0.14285714285714285,0.01,0.02912621359223301,0.7451456310679612,0.0012135922330097086,0.0,0.17233009708737865,0.05218446601941747,0.0,True,True,,True,True,
720575940621897496,flow,afferent,824,400,0.25,0.04,0.01,0.02912621359223301,0.7451456310679612,0.0012135922330097086,0.0,0.17233009708737865,0.05218446601941747,0.0,False,True,,True,True,
720575940614053405,flow,afferent,662,400,0.25,0.14285714285714285,0.01,0.17220543806646527,0.3066465256797583,0.030211480362537766,0.03625377643504532,0.2598187311178248,0.19486404833836857,0.0,True,True,True,True,True,True
720575940614053405,flow,afferent,662,400,0.25,0.04,0.01,0.17220543806646527,0.3066465256797583,0.030211480362537766,0.03625377643504532,0.2598187311178248,0.19486404833836857,0.0,True,True,False,True,True,False
720575940627787343,flow,afferent,606,400,0.25,0.14285714285714285,0.01,0.033003300330033,0.6683168316831684,0.0,0.0,0.12706270627062707,0.1716171617161716,0.0,True,True,,True,True,
720575940627787343,flow,afferent,606,400,0.25,0.04,0.01,0.033003300330033,0.6683168316831684,0.0,0.0,0.12706270627062707,0.1716171617161716,0.0,True,True,,True,True,
720575940631474316,flow,afferent,605,400,0.25,0.14285714285714285,0.01,0.021487603305785124,0.3834710743801653,0.01652892561983471,0.021487603305785124,0.48925619834710743,0.06776859504132231,0.0,True,True,False,True,True,True
720575940631474316,flow,afferent,605,400,0.25,0.04,0.01,0.021487603305785124,0.3834710743801653,0.01652892561983471,0.021487603305785124,0.48925619834710743,0.06776859504132231,0.0,False,True,False,True,True,True
720575940626856721,flow,afferent,990,400,0.25,0.14285714285714285,0.01,0.06363636363636363,0.7111111111111111,0.010101010101010102,0.0,0.14343434343434344,0.0707070707070707,0.00101010101010101,True,True,False,True,True,
720575940626856721,flow,afferent,990,400,0.25,0.04,0.01,0.06363636363636363,0.7111111111111111,0.010101010101010102,0.0,0.14343434343434344,0.0707070707070707,0.00101010101010101,True,True,False,True,True,
720575940631413585,flow,afferent,638,400,0.25,0.14285714285714285,0.01,0.06426332288401254,0.8526645768025078,0.0,0.0,0.05642633228840126,0.02664576802507837,0.0,True,True,,True,True,
720575940631413585,flow,afferent,638,400,0.25,0.04,0.01,0.06426332288401254,0.8526645768025078,0.0,0.0,0.05642633228840126,0.02664576802507837,0.0,True,True,,False,True,
720575940606974219,flow,afferent,424,400,0.25,0.14285714285714285,0.01,0.02358490566037736,0.5495283018867925,0.007075471698113208,0.0047169811320754715,0.3018867924528302,0.11320754716981132,0.0,True,True,False,True,True,False
720575940606974219,flow,afferent,424,400,0.25,0.04,0.01,0.02358490566037736,0.5495283018867925,0.007075471698113208,0.0047169811320754715,0.3018867924528302,0.11320754716981132,0.0,True,True,False,True,True,False
720575940619430571,flow,afferent,860,400,0.25,0.14285714285714285,0.01,0.03488372093023256,0.8593023255813953,0.015116279069767442,0.002325581395348837,0.019767441860465116,0.0686046511627907,0.0,True,True,False,True,True,False
720575940619430571,flow,afferent,860,400,0.25,0.04,0.01,0.03488372093023256,0.8593023255813953,0.015116279069767442,0.002325581395348837,0.019767441860465116,0.0686046511627907,0.0,False,True,False,True,True,False
720575940612700450,flow,afferent,585,400,0.25,0.14285714285714285,0.01,0.12478632478632479,0.2222222222222222,0.022222222222222223,0.037606837606837605,0.347008547008547,0.24444444444444444,0.0017094017094017094,True,True,True,True,True,True
720575940612700450,flow,afferent,585,400,0.25,0.04,0.01,0.12478632478632479,0.2222222222222222,0.022222222222222223,0.037606837606837605,0.347008547008547,0.24444444444444444,0.0017094017094017094,True,True,True,True,True,True
720575940624849040,flow,afferent,710,400,0.25,0.14285714285714285,0.01,0.08732394366197183,0.6647887323943662,0.04084507042253521,0.004225352112676056,0.19436619718309858,0.008450704225352112,0.0,True,True,True,True,False,False
720575940624849040,flow,afferent,710,400,0.25,0.04,0.01,0.08732394366197183,0.6647887323943662,0.04084507042253521,0.004225352112676056,0.19436619718309858,0.008450704225352112,0.0,True,True,True,True,False,False
720575940621137833,flow,afferent,798,400,0.25,0.14285714285714285,0.01,0.02882205513784461,0.8696741854636592,0.007518796992481203,0.0012531328320802004,0.05513784461152882,0.03759398496240601,0.0,False,True,False,True,True,
720575940621137833,flow,afferent,798,400,0.25,0.04,0.01,0.02882205513784461,0.8696741854636592,0.007518796992481203,0.0012531328320802004,0.05513784461152882,0.03759398496240601,0.0,False,True,False,False,True,
720575940629724411,flow,afferent,425,400,0.25,0.14285714285714285,0.01,0.023529411764705882,0.5529411764705883,0.0,0.0,0.24705882352941178,0.17647058823529413,0.0,True,True,,True,True,
720575940629724411,flow,afferent,425,400,0.25,0.04,0.01,0.023529411764705882,0.5529411764705883,0.0,0.0,0.24705882352941178,0.17647058823529413,0.0,False,True,,True,True,
720575940606001074,flow,afferent,783,400,0.25,0.14285714285714285,0.01,0.037037037037037035,0.4074074074074074,0.021711366538952746,0.008939974457215836,0.34227330779054915,0.1826309067688378,0.0,True,True,True,True,True,False
720575940606001074,flow,afferent,783,400,0.25,0.04,0.01,0.037037037037037035,0.4074074074074074,0.021711366538952746,0.008939974457215836,0.34227330779054915,0.1826309067688378,0.0,False,True,False,True,True,False
720575940638165875,flow,afferent,1018,400,0.25,0.14285714285714285,0.01,0.021611001964636542,0.6866404715127702,0.0019646365422396855,0.0,0.17779960707269155,0.11198428290766209,0.0,False,True,False,True,True,
720575940638165875,flow,afferent,1018,400,0.25,0.04,0.01,0.021611001964636542,0.6866404715127702,0.0019646365422396855,0.0,0.17779960707269155,0.11198428290766209,0.0,False,True,False,True,True,
720575940604675430,flow,afferent,975,400,0.25,0.14285714285714285,0.01,0.050256410256410255,0.6635897435897435,0.0041025641025641026,0.0020512820512820513,0.13435897435897437,0.14564102564102563,0.0,True,True,False,True,True,False
720575940604675430,flow,afferent,975,400,0.25,0.04,0.01,0.050256410256410255,0.6635897435897435,0.0041025641025641026,0.0020512820512820513,0.13435897435897437,0.14564102564102563,0.0,True,True,False,True,True,False
720575940611111907,flow,afferent,572,400,0.25,0.14285714285714285,0.01,0.015734265734265736,0.583916083916084,0.04895104895104895,0.008741258741258742,0.26048951048951047,0.08216783216783216,0.0,True,True,True,True,True,False
720575940611111907,flow,afferent,572,400,0.25,0.04,0.01,0.015734265734265736,0.583916083916084,0.04895104895104895,0.008741258741258742,0.26048951048951047,0.08216783216783216,0.0,False,True,True,True,True,False
720575940609633378,flow,afferent,442,400,0.25,0.14285714285714285,0.01,0.01583710407239819,0.6968325791855203,0.0,0.0,0.23076923076923078,0.05656108597285068,0.0,False,True,,True,True,
720575940609633378,flow,afferent,442,400,0.25,0.04,0.01,0.01583710407239819,0.6968325791855203,0.0,0.0,0.23076923076923078,0.05656108597285068,0.0,False,True,,True,True,
720575940624964362,flow,afferent,573,400,0.25,0.14285714285714285,0.01,0.2425828970331588,0.3228621291448517,0.017452006980802792,0.02268760907504363,0.35602094240837695,0.03664921465968586,0.0017452006980802793,True,True,True,True,True,True
720575940624964362,flow,afferent,573,400,0.25,0.04,0.01,0.2425828970331588,0.3228621291448517,0.017452006980802792,0.02268760907504363,0.35602094240837695,0.03664921465968586,0.0017452006980802793,True,True,True,True,True,True
720575940635562096,flow,afferent,459,400,0.25,0.14285714285714285,0.01,0.04793028322440087,0.2549019607843137,0.02832244008714597,0.02832244008714597,0.5054466230936819,0.13507625272331156,0.0,True,True,True,True,True,True
720575940635562096,flow,afferent,459,400,0.25,0.04,0.01,0.04793028322440087,0.2549019607843137,0.02832244008714597,0.02832244008714597,0.5054466230936819,0.13507625272331156,0.0,True,True,True,True,True,True
720575940628769662,flow,afferent,929,400,0.25,0.14285714285714285,0.01,0.01829924650161464,0.8675995694294941,0.001076426264800861,0.001076426264800861,0.1108719052744887,0.001076426264800861,0.0,True,True,,True,,
720575940628769662,flow,afferent,929,400,0.25,0.04,0.01,0.01829924650161464,0.8675995694294941,0.001076426264800861,0.001076426264800861,0.1108719052744887,0.001076426264800861,0.0,False,True,,True,,
720575940631931183,flow,afferent,857,400,0.25,0.14285714285714285,0.01,0.015169194865810968,0.5472578763127188,0.002333722287047841,0.003500583430571762,0.28588098016336055,0.14585764294049008,0.0,True,True,False,True,True,False
720575940631931183,flow,afferent,857,400,0.25,0.04,0.01,0.015169194865810968,0.5472578763127188,0.002333722287047841,0.003500583430571762,0.28588098016336055,0.14585764294049008,0.0,False,True,False,True,True,False
720575940626822916,flow,afferent,615,400,0.25,0.14285714285714285,0.01,0.10569105691056911,0.43414634146341463,0.02113821138211382,0.01788617886178862,0.23577235772357724,0.18536585365853658,0.0,True,True,True,True,True,True
720575940626822916,flow,afferent,615,400,0.25,0.04,0.01,0.10569105691056911,0.43414634146341463,0.02113821138211382,0.01788617886178862,0.23577235772357724,0.18536585365853658,0.0,True,True,False,True,True,False
720575940631313455,flow,afferent,1055,400,0.25,0.14285714285714285,0.01,0.03317535545023697,0.795260663507109,0.014218009478672985,0.005687203791469194,0.11374407582938388,0.037914691943127965,0.0,True,True,True,True,True,False
720575940631313455,flow,afferent,1055,400,0.25,0.04,0.01,0.03317535545023697,0.795260663507109,0.014218009478672985,0.005687203791469194,0.11374407582938388,0.037914691943127965,0.0,True,True,True,True,False,False
720575940649154425,flow,afferent,1004,400,0.25,0.14285714285714285,0.01,0.0697211155378486,0.7191235059760956,0.01195219123505976,0.00199203187250996,0.12350597609561753,0.07370517928286853,0.0,True,True,False,True,True,False
720575940649154425,flow,afferent,1004,400,0.25,0.04,0.01,0.0697211155378486,0.7191235059760956,0.01195219123505976,0.00199203187250996,0.12350597609561753,0.07370517928286853,0.0,True,True,False,True,True,False
720575940659770497,flow,afferent,440,400,0.25,0.14285714285714285,0.01,0.11136363636363636,0.5477272727272727,0.0,0.0,0.19318181818181818,0.14772727272727273,0.0,True,True,,True,True,
720575940659770497,flow,afferent,440,400,0.25,0.04,0.01,0.11136363636363636,0.5477272727272727,0.0,0.0,0.19318181818181818,0.14772727272727273,0.0,True,True,,True,True,
720575940611662706,flow,afferent,503,400,0.25,0.14285714285714285,0.01,0.02982107355864811,0.7693836978131213,0.003976143141153081,0.0,0.147117296222664,0.04771371769383698,0.0019880715705765406,True,True,False,True,True,
720575940611662706,flow,afferent,503,400,0.25,0.04,0.01,0.02982107355864811,0.7693836978131213,0.003976143141153081,0.0,0.147117296222664,0.04771371769383698,0.0019880715705765406,True,True,False,True,True,
720575940616482363,flow,afferent,846,400,0.25,0.14285714285714285,0.01,0.010638297872340425,0.45271867612293143,0.001182033096926714,0.002364066193853428,0.47044917257683216,0.06264775413711583,0.0,False,True,,True,True,False
720575940616482363,flow,afferent,846,400,0.25,0.04,0.01,0.010638297872340425,0.45271867612293143,0.001182033096926714,0.002364066193853428,0.47044917257683216,0.06264775413711583,0.0,False,True,,True,True,False
