root_id,classification_system,cell_type,num_synapses,min_synapses,softmax_threshold,bandwidth_quantile_value,min_synapses_ratio_value,GABA_ratio,ACh_ratio,Glut_ratio,Oct_ratio,Ser_ratio,DA_ratio,Unknown_ratio,GABA_clusters,ACh_clusters,Glut_clusters,Oct_clusters,Ser_clusters,DA_clusters,Unknown_clusters
720575940628387663,cell_type,DNg69,626,400,0.25,0.14285714285714285,0.01,0.17412140575079874,0.21884984025559107,0.09904153354632587,0.12300319488817892,0.2476038338658147,0.13738019169329074,0.0,True,True,True,True,True,True,
720575940628387663,cell_type,DNg69,626,400,0.25,0.14285714285714285,0.05,0.17412140575079874,0.21884984025559107,0.09904153354632587,0.12300319488817892,0.2476038338658147,0.13738019169329074,0.0,True,True,False,True,True,True,
720575940628387663,cell_type,DNg69,626,400,0.25,0.14285714285714285,0.1,0.17412140575079874,0.21884984025559107,0.09904153354632587,0.12300319488817892,0.2476038338658147,0.13738019169329074,0.0,False,False,False,True,False,False,
720575940628387663,cell_type,DNg69,626,400,0.25,0.04,0.01,0.17412140575079874,0.21884984025559107,0.09904153354632587,0.12300319488817892,0.2476038338658147,0.13738019169329074,0.0,True,True,True,True,True,True,
720575940628387663,cell_type,DNg69,626,400,0.25,0.04,0.05,0.17412140575079874,0.21884984025559107,0.09904153354632587,0.12300319488817892,0.2476038338658147,0.13738019169329074,0.0,True,False,False,True,False,True,
720575940628387663,cell_type,DNg69,626,400,0.25,0.04,0.1,0.17412140575079874,0.21884984025559107,0.09904153354632587,0.12300319488817892,0.2476038338658147,0.13738019169329074,0.0,False,False,False,False,False,False,
720575940628387663,cell_type,DNg69,626,400,0.25,0.02,0.01,0.17412140575079874,0.21884984025559107,0.09904153354632587,0.12300319488817892,0.2476038338658147,0.13738019169329074,0.0,True,True,True,True,True,True,
720575940628387663,cell_type,DNg69,626,400,0.25,0.02,0.05,0.17412140575079874,0.21884984025559107,0.09904153354632587,0.12300319488817892,0.2476038338658147,0.13738019169329074,0.0,True,False,False,False,False,True,
720575940628387663,cell_type,DNg69,626,400,0.25,0.02,0.1,0.17412140575079874,0.21884984025559107,0.09904153354632587,0.12300319488817892,0.2476038338658147,0.13738019169329074,0.0,False,False,False,False,False,False,
720575940628387663,cell_type,DNg69,626,400,0.25,0.01,0.01,0.17412140575079874,0.21884984025559107,0.09904153354632587,0.12300319488817892,0.2476038338658147,0.13738019169329074,0.0,True,True,True,True,True,True,
720575940628387663,cell_type,DNg69,626,400,0.25,0.01,0.05,0.17412140575079874,0.21884984025559107,0.09904153354632587,0.12300319488817892,0.2476038338658147,0.13738019169329074,0.0,True,False,False,False,False,True,
720575940628387663,cell_type,DNg69,626,400,0.25,0.01,0.1,0.17412140575079874,0.21884984025559107,0.09904153354632587,0.12300319488817892,0.2476038338658147,0.13738019169329074,0.0,False,False,False,False,False,False,
720575940630808827,cell_type,DNg68,5206,400,0.25,0.14285714285714285,0.01,0.07452938916634652,0.44237418363426817,0.005762581636573185,0.12773722627737227,0.19035728006146754,0.15885516711486747,0.000384172109104879,True,True,False,True,True,True,False
720575940630808827,cell_type,DNg68,5206,400,0.25,0.14285714285714285,0.05,0.07452938916634652,0.44237418363426817,0.005762581636573185,0.12773722627737227,0.19035728006146754,0.15885516711486747,0.000384172109104879,True,True,False,True,True,True,False
720575940630808827,cell_type,DNg68,5206,400,0.25,0.14285714285714285,0.1,0.07452938916634652,0.44237418363426817,0.005762581636573185,0.12773722627737227,0.19035728006146754,0.15885516711486747,0.000384172109104879,False,True,False,True,True,True,False
720575940630808827,cell_type,DNg68,5206,400,0.25,0.04,0.01,0.07452938916634652,0.44237418363426817,0.005762581636573185,0.12773722627737227,0.19035728006146754,0.15885516711486747,0.000384172109104879,True,True,False,True,True,True,False
720575940630808827,cell_type,DNg68,5206,400,0.25,0.04,0.05,0.07452938916634652,0.44237418363426817,0.005762581636573185,0.12773722627737227,0.19035728006146754,0.15885516711486747,0.000384172109104879,True,True,False,False,False,False,False
720575940630808827,cell_type,DNg68,5206,400,0.25,0.04,0.1,0.07452938916634652,0.44237418363426817,0.005762581636573185,0.12773722627737227,0.19035728006146754,0.15885516711486747,0.000384172109104879,False,False,False,False,False,False,False
720575940630808827,cell_type,DNg68,5206,400,0.25,0.02,0.01,0.07452938916634652,0.44237418363426817,0.005762581636573185,0.12773722627737227,0.19035728006146754,0.15885516711486747,0.000384172109104879,True,True,False,True,True,True,False
720575940630808827,cell_type,DNg68,5206,400,0.25,0.02,0.05,0.07452938916634652,0.44237418363426817,0.005762581636573185,0.12773722627737227,0.19035728006146754,0.15885516711486747,0.000384172109104879,True,False,False,False,False,False,False
720575940630808827,cell_type,DNg68,5206,400,0.25,0.02,0.1,0.07452938916634652,0.44237418363426817,0.005762581636573185,0.12773722627737227,0.19035728006146754,0.15885516711486747,0.000384172109104879,False,False,False,False,False,False,False
720575940630808827,cell_type,DNg68,5206,400,0.25,0.01,0.01,0.07452938916634652,0.44237418363426817,0.005762581636573185,0.12773722627737227,0.19035728006146754,0.15885516711486747,0.000384172109104879,True,True,False,True,True,False,False
720575940630808827,cell_type,DNg68,5206,400,0.25,0.01,0.05,0.07452938916634652,0.44237418363426817,0.005762581636573185,0.12773722627737227,0.19035728006146754,0.15885516711486747,0.000384172109104879,True,False,False,False,False,False,False
720575940630808827,cell_type,DNg68,5206,400,0.25,0.01,0.1,0.07452938916634652,0.44237418363426817,0.005762581636573185,0.12773722627737227,0.19035728006146754,0.15885516711486747,0.000384172109104879,False,False,False,False,False,False,False
720575940629543409,cell_type,DNg68,4467,400,0.25,0.14285714285714285,0.01,0.013431833445265278,0.4488471009626147,0.009178419520931274,0.11058876203268413,0.21602865457801657,0.20102977389747034,0.0008954555630176853,False,True,False,True,True,True,False
720575940629543409,cell_type,DNg68,4467,400,0.25,0.14285714285714285,0.05,0.013431833445265278,0.4488471009626147,0.009178419520931274,0.11058876203268413,0.21602865457801657,0.20102977389747034,0.0008954555630176853,False,True,False,True,True,True,False
720575940629543409,cell_type,DNg68,4467,400,0.25,0.14285714285714285,0.1,0.013431833445265278,0.4488471009626147,0.009178419520931274,0.11058876203268413,0.21602865457801657,0.20102977389747034,0.0008954555630176853,False,True,False,False,False,False,False
720575940629543409,cell_type,DNg68,4467,400,0.25,0.04,0.01,0.013431833445265278,0.4488471009626147,0.009178419520931274,0.11058876203268413,0.21602865457801657,0.20102977389747034,0.0008954555630176853,False,True,False,True,True,True,False
720575940629543409,cell_type,DNg68,4467,400,0.25,0.04,0.05,0.013431833445265278,0.4488471009626147,0.009178419520931274,0.11058876203268413,0.21602865457801657,0.20102977389747034,0.0008954555630176853,False,True,False,False,False,False,False
720575940629543409,cell_type,DNg68,4467,400,0.25,0.04,0.1,0.013431833445265278,0.4488471009626147,0.009178419520931274,0.11058876203268413,0.21602865457801657,0.20102977389747034,0.0008954555630176853,False,False,False,False,False,False,False
720575940629543409,cell_type,DNg68,4467,400,0.25,0.02,0.01,0.013431833445265278,0.4488471009626147,0.009178419520931274,0.11058876203268413,0.21602865457801657,0.20102977389747034,0.0008954555630176853,False,True,False,True,True,True,False
720575940629543409,cell_type,DNg68,4467,400,0.25,0.02,0.05,0.013431833445265278,0.4488471009626147,0.009178419520931274,0.11058876203268413,0.21602865457801657,0.20102977389747034,0.0008954555630176853,False,False,False,False,False,False,False
720575940629543409,cell_type,DNg68,4467,400,0.25,0.02,0.1,0.013431833445265278,0.4488471009626147,0.009178419520931274,0.11058876203268413,0.21602865457801657,0.20102977389747034,0.0008954555630176853,False,False,False,False,False,False,False
720575940629543409,cell_type,DNg68,4467,400,0.25,0.01,0.01,0.013431833445265278,0.4488471009626147,0.009178419520931274,0.11058876203268413,0.21602865457801657,0.20102977389747034,0.0008954555630176853,False,True,False,True,True,True,False
720575940629543409,cell_type,DNg68,4467,400,0.25,0.01,0.05,0.013431833445265278,0.4488471009626147,0.009178419520931274,0.11058876203268413,0.21602865457801657,0.20102977389747034,0.0008954555630176853,False,False,False,False,False,False,False
720575940629543409,cell_type,DNg68,4467,400,0.25,0.01,0.1,0.013431833445265278,0.4488471009626147,0.009178419520931274,0.11058876203268413,0.21602865457801657,0.20102977389747034,0.0008954555630176853,False,False,False,False,False,False,False
720575940624319124,cell_type,DNg62,3904,400,0.25,0.14285714285714285,0.01,0.022797131147540985,0.609375,0.140625,0.006147540983606557,0.07172131147540983,0.14882172131147542,0.0005122950819672131,False,True,True,False,True,True,False
720575940624319124,cell_type,DNg62,3904,400,0.25,0.14285714285714285,0.05,0.022797131147540985,0.609375,0.140625,0.006147540983606557,0.07172131147540983,0.14882172131147542,0.0005122950819672131,False,True,True,False,False,True,False
720575940624319124,cell_type,DNg62,3904,400,0.25,0.14285714285714285,0.1,0.022797131147540985,0.609375,0.140625,0.006147540983606557,0.07172131147540983,0.14882172131147542,0.0005122950819672131,False,True,False,False,False,False,False
720575940624319124,cell_type,DNg62,3904,400,0.25,0.04,0.01,0.022797131147540985,0.609375,0.140625,0.006147540983606557,0.07172131147540983,0.14882172131147542,0.0005122950819672131,False,True,True,False,True,True,False
720575940624319124,cell_type,DNg62,3904,400,0.25,0.04,0.05,0.022797131147540985,0.609375,0.140625,0.006147540983606557,0.07172131147540983,0.14882172131147542,0.0005122950819672131,False,True,False,False,False,False,False
720575940624319124,cell_type,DNg62,3904,400,0.25,0.04,0.1,0.022797131147540985,0.609375,0.140625,0.006147540983606557,0.07172131147540983,0.14882172131147542,0.0005122950819672131,False,False,False,False,False,False,False
720575940624319124,cell_type,DNg62,3904,400,0.25,0.02,0.01,0.022797131147540985,0.609375,0.140625,0.006147540983606557,0.07172131147540983,0.14882172131147542,0.0005122950819672131,False,True,True,False,False,True,False
720575940624319124,cell_type,DNg62,3904,400,0.25,0.02,0.05,0.022797131147540985,0.609375,0.140625,0.006147540983606557,0.07172131147540983,0.14882172131147542,0.0005122950819672131,False,False,False,False,False,False,False
720575940624319124,cell_type,DNg62,3904,400,0.25,0.02,0.1,0.022797131147540985,0.609375,0.140625,0.006147540983606557,0.07172131147540983,0.14882172131147542,0.0005122950819672131,False,False,False,False,False,False,False
720575940624319124,cell_type,DNg62,3904,400,0.25,0.01,0.01,0.022797131147540985,0.609375,0.140625,0.006147540983606557,0.07172131147540983,0.14882172131147542,0.0005122950819672131,False,True,False,False,False,True,False
720575940624319124,cell_type,DNg62,3904,400,0.25,0.01,0.05,0.022797131147540985,0.609375,0.140625,0.006147540983606557,0.07172131147540983,0.14882172131147542,0.0005122950819672131,False,False,False,False,False,False,False
720575940624319124,cell_type,DNg62,3904,400,0.25,0.01,0.1,0.022797131147540985,0.609375,0.140625,0.006147540983606557,0.07172131147540983,0.14882172131147542,0.0005122950819672131,False,False,False,False,False,False,False
720575940616185531,cell_type,DNg62,3891,400,0.25,0.14285714285714285,0.01,0.03777949113338473,0.5833975841685942,0.08815214597789771,0.008738113595476741,0.15420200462606015,0.12773066049858647,0.0,True,True,True,False,True,True,
720575940616185531,cell_type,DNg62,3891,400,0.25,0.14285714285714285,0.05,0.03777949113338473,0.5833975841685942,0.08815214597789771,0.008738113595476741,0.15420200462606015,0.12773066049858647,0.0,False,True,True,False,True,True,
720575940616185531,cell_type,DNg62,3891,400,0.25,0.14285714285714285,0.1,0.03777949113338473,0.5833975841685942,0.08815214597789771,0.008738113595476741,0.15420200462606015,0.12773066049858647,0.0,False,True,False,False,False,False,
720575940616185531,cell_type,DNg62,3891,400,0.25,0.04,0.01,0.03777949113338473,0.5833975841685942,0.08815214597789771,0.008738113595476741,0.15420200462606015,0.12773066049858647,0.0,True,True,True,False,True,True,
720575940616185531,cell_type,DNg62,3891,400,0.25,0.04,0.05,0.03777949113338473,0.5833975841685942,0.08815214597789771,0.008738113595476741,0.15420200462606015,0.12773066049858647,0.0,False,True,False,False,False,False,
720575940616185531,cell_type,DNg62,3891,400,0.25,0.04,0.1,0.03777949113338473,0.5833975841685942,0.08815214597789771,0.008738113595476741,0.15420200462606015,0.12773066049858647,0.0,False,False,False,False,False,False,
720575940616185531,cell_type,DNg62,3891,400,0.25,0.02,0.01,0.03777949113338473,0.5833975841685942,0.08815214597789771,0.008738113595476741,0.15420200462606015,0.12773066049858647,0.0,True,True,True,False,True,True,
720575940616185531,cell_type,DNg62,3891,400,0.25,0.02,0.05,0.03777949113338473,0.5833975841685942,0.08815214597789771,0.008738113595476741,0.15420200462606015,0.12773066049858647,0.0,False,False,False,False,False,False,
720575940616185531,cell_type,DNg62,3891,400,0.25,0.02,0.1,0.03777949113338473,0.5833975841685942,0.08815214597789771,0.008738113595476741,0.15420200462606015,0.12773066049858647,0.0,False,False,False,False,False,False,
720575940616185531,cell_type,DNg62,3891,400,0.25,0.01,0.01,0.03777949113338473,0.5833975841685942,0.08815214597789771,0.008738113595476741,0.15420200462606015,0.12773066049858647,0.0,True,True,False,False,True,False,
720575940616185531,cell_type,DNg62,3891,400,0.25,0.01,0.05,0.03777949113338473,0.5833975841685942,0.08815214597789771,0.008738113595476741,0.15420200462606015,0.12773066049858647,0.0,False,False,False,False,False,False,
720575940616185531,cell_type,DNg62,3891,400,0.25,0.01,0.1,0.03777949113338473,0.5833975841685942,0.08815214597789771,0.008738113595476741,0.15420200462606015,0.12773066049858647,0.0,False,False,False,False,False,False,
720575940604470956,cell_type,DNg63,3851,400,0.25,0.14285714285714285,0.01,0.030641391846273694,0.7291612568164113,0.01817709685795897,0.005193456245131135,0.169306673591275,0.0462217605816671,0.0012983640612827837,True,True,False,False,True,True,False
720575940604470956,cell_type,DNg63,3851,400,0.25,0.14285714285714285,0.05,0.030641391846273694,0.7291612568164113,0.01817709685795897,0.005193456245131135,0.169306673591275,0.0462217605816671,0.0012983640612827837,False,True,False,False,True,False,False
720575940604470956,cell_type,DNg63,3851,400,0.25,0.14285714285714285,0.1,0.030641391846273694,0.7291612568164113,0.01817709685795897,0.005193456245131135,0.169306673591275,0.0462217605816671,0.0012983640612827837,False,True,False,False,False,False,False
720575940604470956,cell_type,DNg63,3851,400,0.25,0.04,0.01,0.030641391846273694,0.7291612568164113,0.01817709685795897,0.005193456245131135,0.169306673591275,0.0462217605816671,0.0012983640612827837,True,True,False,False,True,True,False
720575940604470956,cell_type,DNg63,3851,400,0.25,0.04,0.05,0.030641391846273694,0.7291612568164113,0.01817709685795897,0.005193456245131135,0.169306673591275,0.0462217605816671,0.0012983640612827837,False,True,False,False,False,False,False
720575940604470956,cell_type,DNg63,3851,400,0.25,0.04,0.1,0.030641391846273694,0.7291612568164113,0.01817709685795897,0.005193456245131135,0.169306673591275,0.0462217605816671,0.0012983640612827837,False,True,False,False,False,False,False
720575940604470956,cell_type,DNg63,3851,400,0.25,0.02,0.01,0.030641391846273694,0.7291612568164113,0.01817709685795897,0.005193456245131135,0.169306673591275,0.0462217605816671,0.0012983640612827837,True,True,False,False,True,False,False
720575940604470956,cell_type,DNg63,3851,400,0.25,0.02,0.05,0.030641391846273694,0.7291612568164113,0.01817709685795897,0.005193456245131135,0.169306673591275,0.0462217605816671,0.0012983640612827837,False,True,False,False,False,False,False
720575940604470956,cell_type,DNg63,3851,400,0.25,0.02,0.1,0.030641391846273694,0.7291612568164113,0.01817709685795897,0.005193456245131135,0.169306673591275,0.0462217605816671,0.0012983640612827837,False,False,False,False,False,False,False
720575940604470956,cell_type,DNg63,3851,400,0.25,0.01,0.01,0.030641391846273694,0.7291612568164113,0.01817709685795897,0.005193456245131135,0.169306673591275,0.0462217605816671,0.0012983640612827837,True,True,False,False,True,False,False
720575940604470956,cell_type,DNg63,3851,400,0.25,0.01,0.05,0.030641391846273694,0.7291612568164113,0.01817709685795897,0.005193456245131135,0.169306673591275,0.0462217605816671,0.0012983640612827837,False,False,False,False,False,False,False
720575940604470956,cell_type,DNg63,3851,400,0.25,0.01,0.1,0.030641391846273694,0.7291612568164113,0.01817709685795897,0.005193456245131135,0.169306673591275,0.0462217605816671,0.0012983640612827837,False,False,False,False,False,False,False
720575940612692889,cell_type,DNg63,2945,400,0.25,0.14285714285714285,0.01,0.04176570458404075,0.5786078098471986,0.028522920203735144,0.01867572156196944,0.24753820033955856,0.08387096774193549,0.0010186757215619694,True,True,True,False,True,True,False
720575940612692889,cell_type,DNg63,2945,400,0.25,0.14285714285714285,0.05,0.04176570458404075,0.5786078098471986,0.028522920203735144,0.01867572156196944,0.24753820033955856,0.08387096774193549,0.0010186757215619694,False,True,False,False,True,True,False
720575940612692889,cell_type,DNg63,2945,400,0.25,0.14285714285714285,0.1,0.04176570458404075,0.5786078098471986,0.028522920203735144,0.01867572156196944,0.24753820033955856,0.08387096774193549,0.0010186757215619694,False,True,False,False,False,False,False
720575940612692889,cell_type,DNg63,2945,400,0.25,0.04,0.01,0.04176570458404075,0.5786078098471986,0.028522920203735144,0.01867572156196944,0.24753820033955856,0.08387096774193549,0.0010186757215619694,True,True,False,False,True,True,False
720575940612692889,cell_type,DNg63,2945,400,0.25,0.04,0.05,0.04176570458404075,0.5786078098471986,0.028522920203735144,0.01867572156196944,0.24753820033955856,0.08387096774193549,0.0010186757215619694,False,True,False,False,False,False,False
720575940612692889,cell_type,DNg63,2945,400,0.25,0.04,0.1,0.04176570458404075,0.5786078098471986,0.028522920203735144,0.01867572156196944,0.24753820033955856,0.08387096774193549,0.0010186757215619694,False,True,False,False,False,False,False
720575940612692889,cell_type,DNg63,2945,400,0.25,0.02,0.01,0.04176570458404075,0.5786078098471986,0.028522920203735144,0.01867572156196944,0.24753820033955856,0.08387096774193549,0.0010186757215619694,True,True,False,False,True,True,False
720575940612692889,cell_type,DNg63,2945,400,0.25,0.02,0.05,0.04176570458404075,0.5786078098471986,0.028522920203735144,0.01867572156196944,0.24753820033955856,0.08387096774193549,0.0010186757215619694,False,False,False,False,False,False,False
720575940612692889,cell_type,DNg63,2945,400,0.25,0.02,0.1,0.04176570458404075,0.5786078098471986,0.028522920203735144,0.01867572156196944,0.24753820033955856,0.08387096774193549,0.0010186757215619694,False,False,False,False,False,False,False
720575940612692889,cell_type,DNg63,2945,400,0.25,0.01,0.01,0.04176570458404075,0.5786078098471986,0.028522920203735144,0.01867572156196944,0.24753820033955856,0.08387096774193549,0.0010186757215619694,True,True,False,False,True,False,False
720575940612692889,cell_type,DNg63,2945,400,0.25,0.01,0.05,0.04176570458404075,0.5786078098471986,0.028522920203735144,0.01867572156196944,0.24753820033955856,0.08387096774193549,0.0010186757215619694,False,False,False,False,False,False,False
720575940612692889,cell_type,DNg63,2945,400,0.25,0.01,0.1,0.04176570458404075,0.5786078098471986,0.028522920203735144,0.01867572156196944,0.24753820033955856,0.08387096774193549,0.0010186757215619694,False,False,False,False,False,False,False
720575940628659305,cell_type,DNg65,2790,400,0.25,0.14285714285714285,0.01,0.012186379928315413,0.3086021505376344,0.007168458781362007,0.01827956989247312,0.571326164874552,0.08207885304659499,0.00035842293906810036,False,True,False,True,True,True,
720575940628659305,cell_type,DNg65,2790,400,0.25,0.14285714285714285,0.05,0.012186379928315413,0.3086021505376344,0.007168458781362007,0.01827956989247312,0.571326164874552,0.08207885304659499,0.00035842293906810036,False,True,False,False,True,True,
720575940628659305,cell_type,DNg65,2790,400,0.25,0.14285714285714285,0.1,0.012186379928315413,0.3086021505376344,0.007168458781362007,0.01827956989247312,0.571326164874552,0.08207885304659499,0.00035842293906810036,False,True,False,False,True,False,
720575940628659305,cell_type,DNg65,2790,400,0.25,0.04,0.01,0.012186379928315413,0.3086021505376344,0.007168458781362007,0.01827956989247312,0.571326164874552,0.08207885304659499,0.00035842293906810036,False,True,False,True,True,True,
720575940628659305,cell_type,DNg65,2790,400,0.25,0.04,0.05,0.012186379928315413,0.3086021505376344,0.007168458781362007,0.01827956989247312,0.571326164874552,0.08207885304659499,0.00035842293906810036,False,True,False,False,True,False,
720575940628659305,cell_type,DNg65,2790,400,0.25,0.04,0.1,0.012186379928315413,0.3086021505376344,0.007168458781362007,0.01827956989247312,0.571326164874552,0.08207885304659499,0.00035842293906810036,False,False,False,False,False,False,
720575940628659305,cell_type,DNg65,2790,400,0.25,0.02,0.01,0.012186379928315413,0.3086021505376344,0.007168458781362007,0.01827956989247312,0.571326164874552,0.08207885304659499,0.00035842293906810036,False,True,False,False,True,False,
720575940628659305,cell_type,DNg65,2790,400,0.25,0.02,0.05,0.012186379928315413,0.3086021505376344,0.007168458781362007,0.01827956989247312,0.571326164874552,0.08207885304659499,0.00035842293906810036,False,False,False,False,False,False,
720575940628659305,cell_type,DNg65,2790,400,0.25,0.02,0.1,0.012186379928315413,0.3086021505376344,0.007168458781362007,0.01827956989247312,0.571326164874552,0.08207885304659499,0.00035842293906810036,False,False,False,False,False,False,
720575940628659305,cell_type,DNg65,2790,400,0.25,0.01,0.01,0.012186379928315413,0.3086021505376344,0.007168458781362007,0.01827956989247312,0.571326164874552,0.08207885304659499,0.00035842293906810036,False,True,False,False,True,False,
720575940628659305,cell_type,DNg65,2790,400,0.25,0.01,0.05,0.012186379928315413,0.3086021505376344,0.007168458781362007,0.01827956989247312,0.571326164874552,0.08207885304659499,0.00035842293906810036,False,False,False,False,False,False,
720575940628659305,cell_type,DNg65,2790,400,0.25,0.01,0.1,0.012186379928315413,0.3086021505376344,0.007168458781362007,0.01827956989247312,0.571326164874552,0.08207885304659499,0.00035842293906810036,False,False,False,False,False,False,
720575940611756723,cell_type,DNg65,2952,400,0.25,0.14285714285714285,0.01,0.0260840108401084,0.2923441734417344,0.01016260162601626,0.01016260162601626,0.5741869918699187,0.08672086720867209,0.00033875338753387534,True,True,False,False,True,True,
720575940611756723,cell_type,DNg65,2952,400,0.25,0.14285714285714285,0.05,0.0260840108401084,0.2923441734417344,0.01016260162601626,0.01016260162601626,0.5741869918699187,0.08672086720867209,0.00033875338753387534,False,True,False,False,True,True,
720575940611756723,cell_type,DNg65,2952,400,0.25,0.14285714285714285,0.1,0.0260840108401084,0.2923441734417344,0.01016260162601626,0.01016260162601626,0.5741869918699187,0.08672086720867209,0.00033875338753387534,False,True,False,False,True,False,
720575940611756723,cell_type,DNg65,2952,400,0.25,0.04,0.01,0.0260840108401084,0.2923441734417344,0.01016260162601626,0.01016260162601626,0.5741869918699187,0.08672086720867209,0.00033875338753387534,True,True,False,False,True,True,
720575940611756723,cell_type,DNg65,2952,400,0.25,0.04,0.05,0.0260840108401084,0.2923441734417344,0.01016260162601626,0.01016260162601626,0.5741869918699187,0.08672086720867209,0.00033875338753387534,False,True,False,False,True,False,
720575940611756723,cell_type,DNg65,2952,400,0.25,0.04,0.1,0.0260840108401084,0.2923441734417344,0.01016260162601626,0.01016260162601626,0.5741869918699187,0.08672086720867209,0.00033875338753387534,False,False,False,False,False,False,
720575940611756723,cell_type,DNg65,2952,400,0.25,0.02,0.01,0.0260840108401084,0.2923441734417344,0.01016260162601626,0.01016260162601626,0.5741869918699187,0.08672086720867209,0.00033875338753387534,True,True,False,False,True,True,
720575940611756723,cell_type,DNg65,2952,400,0.25,0.02,0.05,0.0260840108401084,0.2923441734417344,0.01016260162601626,0.01016260162601626,0.5741869918699187,0.08672086720867209,0.00033875338753387534,False,False,False,False,False,False,
720575940611756723,cell_type,DNg65,2952,400,0.25,0.02,0.1,0.0260840108401084,0.2923441734417344,0.01016260162601626,0.01016260162601626,0.5741869918699187,0.08672086720867209,0.00033875338753387534,False,False,False,False,False,False,
720575940611756723,cell_type,DNg65,2952,400,0.25,0.01,0.01,0.0260840108401084,0.2923441734417344,0.01016260162601626,0.01016260162601626,0.5741869918699187,0.08672086720867209,0.00033875338753387534,True,True,False,False,True,True,
720575940611756723,cell_type,DNg65,2952,400,0.25,0.01,0.05,0.0260840108401084,0.2923441734417344,0.01016260162601626,0.01016260162601626,0.5741869918699187,0.08672086720867209,0.00033875338753387534,False,False,False,False,False,False,
720575940611756723,cell_type,DNg65,2952,400,0.25,0.01,0.1,0.0260840108401084,0.2923441734417344,0.01016260162601626,0.01016260162601626,0.5741869918699187,0.08672086720867209,0.00033875338753387534,False,False,False,False,False,False,
720575940647560500,cell_type,DNg61,6283,400,0.25,0.14285714285714285,0.01,0.01098201496100589,0.9320388349514563,0.016711761897182875,0.003819831290784657,0.020849912462199586,0.0151201655260226,0.0004774789113480821,False,True,False,False,False,False,False
720575940647560500,cell_type,DNg61,6283,400,0.25,0.14285714285714285,0.05,0.01098201496100589,0.9320388349514563,0.016711761897182875,0.003819831290784657,0.020849912462199586,0.0151201655260226,0.0004774789113480821,False,True,False,False,False,False,False
720575940647560500,cell_type,DNg61,6283,400,0.25,0.14285714285714285,0.1,0.01098201496100589,0.9320388349514563,0.016711761897182875,0.003819831290784657,0.020849912462199586,0.0151201655260226,0.0004774789113480821,False,True,False,False,False,False,False
720575940647560500,cell_type,DNg61,6283,400,0.25,0.04,0.01,0.01098201496100589,0.9320388349514563,0.016711761897182875,0.003819831290784657,0.020849912462199586,0.0151201655260226,0.0004774789113480821,False,True,False,False,False,False,False
720575940647560500,cell_type,DNg61,6283,400,0.25,0.04,0.05,0.01098201496100589,0.9320388349514563,0.016711761897182875,0.003819831290784657,0.020849912462199586,0.0151201655260226,0.0004774789113480821,False,True,False,False,False,False,False
720575940647560500,cell_type,DNg61,6283,400,0.25,0.04,0.1,0.01098201496100589,0.9320388349514563,0.016711761897182875,0.003819831290784657,0.020849912462199586,0.0151201655260226,0.0004774789113480821,False,True,False,False,False,False,False
720575940647560500,cell_type,DNg61,6283,400,0.25,0.02,0.01,0.01098201496100589,0.9320388349514563,0.016711761897182875,0.003819831290784657,0.020849912462199586,0.0151201655260226,0.0004774789113480821,False,True,False,False,False,False,False
720575940647560500,cell_type,DNg61,6283,400,0.25,0.02,0.05,0.01098201496100589,0.9320388349514563,0.016711761897182875,0.003819831290784657,0.020849912462199586,0.0151201655260226,0.0004774789113480821,False,True,False,False,False,False,False
720575940647560500,cell_type,DNg61,6283,400,0.25,0.02,0.1,0.01098201496100589,0.9320388349514563,0.016711761897182875,0.003819831290784657,0.020849912462199586,0.0151201655260226,0.0004774789113480821,False,False,False,False,False,False,False
720575940647560500,cell_type,DNg61,6283,400,0.25,0.01,0.01,0.01098201496100589,0.9320388349514563,0.016711761897182875,0.003819831290784657,0.020849912462199586,0.0151201655260226,0.0004774789113480821,False,True,False,False,False,False,False
720575940647560500,cell_type,DNg61,6283,400,0.25,0.01,0.05,0.01098201496100589,0.9320388349514563,0.016711761897182875,0.003819831290784657,0.020849912462199586,0.0151201655260226,0.0004774789113480821,False,False,False,False,False,False,False
720575940647560500,cell_type,DNg61,6283,400,0.25,0.01,0.1,0.01098201496100589,0.9320388349514563,0.016711761897182875,0.003819831290784657,0.020849912462199586,0.0151201655260226,0.0004774789113480821,False,False,False,False,False,False,False
720575940617031385,cell_type,DNg61,5938,400,0.25,0.14285714285714285,0.01,0.010104412260020209,0.9240485011788481,0.026103065005052207,0.004883799259009768,0.021892893230043786,0.01263051532502526,0.0003368137420006736,False,True,False,False,False,False,False
720575940617031385,cell_type,DNg61,5938,400,0.25,0.14285714285714285,0.05,0.010104412260020209,0.9240485011788481,0.026103065005052207,0.004883799259009768,0.021892893230043786,0.01263051532502526,0.0003368137420006736,False,True,False,False,False,False,False
720575940617031385,cell_type,DNg61,5938,400,0.25,0.14285714285714285,0.1,0.010104412260020209,0.9240485011788481,0.026103065005052207,0.004883799259009768,0.021892893230043786,0.01263051532502526,0.0003368137420006736,False,True,False,False,False,False,False
720575940617031385,cell_type,DNg61,5938,400,0.25,0.04,0.01,0.010104412260020209,0.9240485011788481,0.026103065005052207,0.004883799259009768,0.021892893230043786,0.01263051532502526,0.0003368137420006736,False,True,False,False,False,False,False
720575940617031385,cell_type,DNg61,5938,400,0.25,0.04,0.05,0.010104412260020209,0.9240485011788481,0.026103065005052207,0.004883799259009768,0.021892893230043786,0.01263051532502526,0.0003368137420006736,False,True,False,False,False,False,False
720575940617031385,cell_type,DNg61,5938,400,0.25,0.04,0.1,0.010104412260020209,0.9240485011788481,0.026103065005052207,0.004883799259009768,0.021892893230043786,0.01263051532502526,0.0003368137420006736,False,True,False,False,False,False,False
720575940617031385,cell_type,DNg61,5938,400,0.25,0.02,0.01,0.010104412260020209,0.9240485011788481,0.026103065005052207,0.004883799259009768,0.021892893230043786,0.01263051532502526,0.0003368137420006736,False,True,False,False,False,False,False
720575940617031385,cell_type,DNg61,5938,400,0.25,0.02,0.05,0.010104412260020209,0.9240485011788481,0.026103065005052207,0.004883799259009768,0.021892893230043786,0.01263051532502526,0.0003368137420006736,False,True,False,False,False,False,False
720575940617031385,cell_type,DNg61,5938,400,0.25,0.02,0.1,0.010104412260020209,0.9240485011788481,0.026103065005052207,0.004883799259009768,0.021892893230043786,0.01263051532502526,0.0003368137420006736,False,False,False,False,False,False,False
720575940617031385,cell_type,DNg61,5938,400,0.25,0.01,0.01,0.010104412260020209,0.9240485011788481,0.026103065005052207,0.004883799259009768,0.021892893230043786,0.01263051532502526,0.0003368137420006736,False,True,False,False,False,False,False
720575940617031385,cell_type,DNg61,5938,400,0.25,0.01,0.05,0.010104412260020209,0.9240485011788481,0.026103065005052207,0.004883799259009768,0.021892893230043786,0.01263051532502526,0.0003368137420006736,False,False,False,False,False,False,False
720575940617031385,cell_type,DNg61,5938,400,0.25,0.01,0.1,0.010104412260020209,0.9240485011788481,0.026103065005052207,0.004883799259009768,0.021892893230043786,0.01263051532502526,0.0003368137420006736,False,False,False,False,False,False,False
720575940621947653,cell_type,DNg64,6394,400,0.25,0.14285714285714285,0.01,0.460431654676259,0.1465436346574914,0.28495464497966844,0.004535502033156084,0.030028151391929936,0.07241163590866437,0.001094776352830779,True,True,True,False,False,True,False
720575940621947653,cell_type,DNg64,6394,400,0.25,0.14285714285714285,0.05,0.460431654676259,0.1465436346574914,0.28495464497966844,0.004535502033156084,0.030028151391929936,0.07241163590866437,0.001094776352830779,True,True,True,False,False,False,False
720575940621947653,cell_type,DNg64,6394,400,0.25,0.14285714285714285,0.1,0.460431654676259,0.1465436346574914,0.28495464497966844,0.004535502033156084,0.030028151391929936,0.07241163590866437,0.001094776352830779,True,False,True,False,False,False,False
720575940621947653,cell_type,DNg64,6394,400,0.25,0.04,0.01,0.460431654676259,0.1465436346574914,0.28495464497966844,0.004535502033156084,0.030028151391929936,0.07241163590866437,0.001094776352830779,True,True,True,False,False,False,False
720575940621947653,cell_type,DNg64,6394,400,0.25,0.04,0.05,0.460431654676259,0.1465436346574914,0.28495464497966844,0.004535502033156084,0.030028151391929936,0.07241163590866437,0.001094776352830779,True,False,True,False,False,False,False
720575940621947653,cell_type,DNg64,6394,400,0.25,0.04,0.1,0.460431654676259,0.1465436346574914,0.28495464497966844,0.004535502033156084,0.030028151391929936,0.07241163590866437,0.001094776352830779,False,False,False,False,False,False,False
720575940621947653,cell_type,DNg64,6394,400,0.25,0.02,0.01,0.460431654676259,0.1465436346574914,0.28495464497966844,0.004535502033156084,0.030028151391929936,0.07241163590866437,0.001094776352830779,True,True,True,False,False,False,False
720575940621947653,cell_type,DNg64,6394,400,0.25,0.02,0.05,0.460431654676259,0.1465436346574914,0.28495464497966844,0.004535502033156084,0.030028151391929936,0.07241163590866437,0.001094776352830779,True,False,False,False,False,False,False
720575940621947653,cell_type,DNg64,6394,400,0.25,0.02,0.1,0.460431654676259,0.1465436346574914,0.28495464497966844,0.004535502033156084,0.030028151391929936,0.07241163590866437,0.001094776352830779,False,False,False,False,False,False,False
720575940621947653,cell_type,DNg64,6394,400,0.25,0.01,0.01,0.460431654676259,0.1465436346574914,0.28495464497966844,0.004535502033156084,0.030028151391929936,0.07241163590866437,0.001094776352830779,True,True,True,False,False,False,False
720575940621947653,cell_type,DNg64,6394,400,0.25,0.01,0.05,0.460431654676259,0.1465436346574914,0.28495464497966844,0.004535502033156084,0.030028151391929936,0.07241163590866437,0.001094776352830779,False,False,False,False,False,False,False
720575940621947653,cell_type,DNg64,6394,400,0.25,0.01,0.1,0.460431654676259,0.1465436346574914,0.28495464497966844,0.004535502033156084,0.030028151391929936,0.07241163590866437,0.001094776352830779,False,False,False,False,False,False,False
720575940632632607,cell_type,DNg64,5781,400,0.25,0.14285714285714285,0.01,0.41411520498183707,0.15689327106037018,0.2885313959522574,0.0069192181283514965,0.0425531914893617,0.09046877702819581,0.0005189413596263622,True,True,True,False,True,True,False
720575940632632607,cell_type,DNg64,5781,400,0.25,0.14285714285714285,0.05,0.41411520498183707,0.15689327106037018,0.2885313959522574,0.0069192181283514965,0.0425531914893617,0.09046877702819581,0.0005189413596263622,True,True,True,False,False,False,False
720575940632632607,cell_type,DNg64,5781,400,0.25,0.14285714285714285,0.1,0.41411520498183707,0.15689327106037018,0.2885313959522574,0.0069192181283514965,0.0425531914893617,0.09046877702819581,0.0005189413596263622,True,False,True,False,False,False,False
720575940632632607,cell_type,DNg64,5781,400,0.25,0.04,0.01,0.41411520498183707,0.15689327106037018,0.2885313959522574,0.0069192181283514965,0.0425531914893617,0.09046877702819581,0.0005189413596263622,True,True,True,False,False,True,False
720575940632632607,cell_type,DNg64,5781,400,0.25,0.04,0.05,0.41411520498183707,0.15689327106037018,0.2885313959522574,0.0069192181283514965,0.0425531914893617,0.09046877702819581,0.0005189413596263622,True,False,True,False,False,False,False
720575940632632607,cell_type,DNg64,5781,400,0.25,0.04,0.1,0.41411520498183707,0.15689327106037018,0.2885313959522574,0.0069192181283514965,0.0425531914893617,0.09046877702819581,0.0005189413596263622,False,False,False,False,False,False,False
720575940632632607,cell_type,DNg64,5781,400,0.25,0.02,0.01,0.41411520498183707,0.15689327106037018,0.2885313959522574,0.0069192181283514965,0.0425531914893617,0.09046877702819581,0.0005189413596263622,True,True,True,False,False,True,False
720575940632632607,cell_type,DNg64,5781,400,0.25,0.02,0.05,0.41411520498183707,0.15689327106037018,0.2885313959522574,0.0069192181283514965,0.0425531914893617,0.09046877702819581,0.0005189413596263622,False,False,False,False,False,False,False
720575940632632607,cell_type,DNg64,5781,400,0.25,0.02,0.1,0.41411520498183707,0.15689327106037018,0.2885313959522574,0.0069192181283514965,0.0425531914893617,0.09046877702819581,0.0005189413596263622,False,False,False,False,False,False,False
720575940632632607,cell_type,DNg64,5781,400,0.25,0.01,0.01,0.41411520498183707,0.15689327106037018,0.2885313959522574,0.0069192181283514965,0.0425531914893617,0.09046877702819581,0.0005189413596263622,True,True,True,False,False,False,False
720575940632632607,cell_type,DNg64,5781,400,0.25,0.01,0.05,0.41411520498183707,0.15689327106037018,0.2885313959522574,0.0069192181283514965,0.0425531914893617,0.09046877702819581,0.0005189413596263622,False,False,False,False,False,False,False
720575940632632607,cell_type,DNg64,5781,400,0.25,0.01,0.1,0.41411520498183707,0.15689327106037018,0.2885313959522574,0.0069192181283514965,0.0425531914893617,0.09046877702819581,0.0005189413596263622,False,False,False,False,False,False,False
720575940630956345,cell_type,DNg66,623,400,0.25,0.14285714285714285,0.01,0.13162118780096307,0.15569823434991975,0.1637239165329053,0.27447833065810595,0.2520064205457464,0.019261637239165328,0.0032102728731942215,True,True,True,True,True,False,False
720575940630956345,cell_type,DNg66,623,400,0.25,0.14285714285714285,0.05,0.13162118780096307,0.15569823434991975,0.1637239165329053,0.27447833065810595,0.2520064205457464,0.019261637239165328,0.0032102728731942215,True,True,True,True,True,False,False
720575940630956345,cell_type,DNg66,623,400,0.25,0.14285714285714285,0.1,0.13162118780096307,0.15569823434991975,0.1637239165329053,0.27447833065810595,0.2520064205457464,0.019261637239165328,0.0032102728731942215,False,False,True,False,True,False,False
720575940630956345,cell_type,DNg66,623,400,0.25,0.04,0.01,0.13162118780096307,0.15569823434991975,0.1637239165329053,0.27447833065810595,0.2520064205457464,0.019261637239165328,0.0032102728731942215,True,True,True,True,True,False,False
720575940630956345,cell_type,DNg66,623,400,0.25,0.04,0.05,0.13162118780096307,0.15569823434991975,0.1637239165329053,0.27447833065810595,0.2520064205457464,0.019261637239165328,0.0032102728731942215,True,False,False,False,False,False,False
720575940630956345,cell_type,DNg66,623,400,0.25,0.04,0.1,0.13162118780096307,0.15569823434991975,0.1637239165329053,0.27447833065810595,0.2520064205457464,0.019261637239165328,0.0032102728731942215,False,False,False,False,False,False,False
720575940630956345,cell_type,DNg66,623,400,0.25,0.02,0.01,0.13162118780096307,0.15569823434991975,0.1637239165329053,0.27447833065810595,0.2520064205457464,0.019261637239165328,0.0032102728731942215,True,True,True,True,True,False,False
720575940630956345,cell_type,DNg66,623,400,0.25,0.02,0.05,0.13162118780096307,0.15569823434991975,0.1637239165329053,0.27447833065810595,0.2520064205457464,0.019261637239165328,0.0032102728731942215,True,False,False,False,False,False,False
720575940630956345,cell_type,DNg66,623,400,0.25,0.02,0.1,0.13162118780096307,0.15569823434991975,0.1637239165329053,0.27447833065810595,0.2520064205457464,0.019261637239165328,0.0032102728731942215,False,False,False,False,False,False,False
720575940630956345,cell_type,DNg66,623,400,0.25,0.01,0.01,0.13162118780096307,0.15569823434991975,0.1637239165329053,0.27447833065810595,0.2520064205457464,0.019261637239165328,0.0032102728731942215,True,True,True,True,True,False,False
720575940630956345,cell_type,DNg66,623,400,0.25,0.01,0.05,0.13162118780096307,0.15569823434991975,0.1637239165329053,0.27447833065810595,0.2520064205457464,0.019261637239165328,0.0032102728731942215,False,False,False,False,False,False,False
720575940630956345,cell_type,DNg66,623,400,0.25,0.01,0.1,0.13162118780096307,0.15569823434991975,0.1637239165329053,0.27447833065810595,0.2520064205457464,0.019261637239165328,0.0032102728731942215,False,False,False,False,False,False,False
720575940632877869,cell_type,DNg67,4009,400,0.25,0.14285714285714285,0.01,0.006235969069593414,0.9348964829134447,0.004489897730107259,0.005737091544025941,0.030930406585183336,0.017211274632077826,0.0004988775255674732,False,True,False,False,True,False,False
720575940632877869,cell_type,DNg67,4009,400,0.25,0.14285714285714285,0.05,0.006235969069593414,0.9348964829134447,0.004489897730107259,0.005737091544025941,0.030930406585183336,0.017211274632077826,0.0004988775255674732,False,True,False,False,False,False,False
720575940632877869,cell_type,DNg67,4009,400,0.25,0.14285714285714285,0.1,0.006235969069593414,0.9348964829134447,0.004489897730107259,0.005737091544025941,0.030930406585183336,0.017211274632077826,0.0004988775255674732,False,True,False,False,False,False,False
720575940632877869,cell_type,DNg67,4009,400,0.25,0.04,0.01,0.006235969069593414,0.9348964829134447,0.004489897730107259,0.005737091544025941,0.030930406585183336,0.017211274632077826,0.0004988775255674732,False,True,False,False,True,False,False
720575940632877869,cell_type,DNg67,4009,400,0.25,0.04,0.05,0.006235969069593414,0.9348964829134447,0.004489897730107259,0.005737091544025941,0.030930406585183336,0.017211274632077826,0.0004988775255674732,False,True,False,False,False,False,False
720575940632877869,cell_type,DNg67,4009,400,0.25,0.04,0.1,0.006235969069593414,0.9348964829134447,0.004489897730107259,0.005737091544025941,0.030930406585183336,0.017211274632077826,0.0004988775255674732,False,True,False,False,False,False,False
720575940632877869,cell_type,DNg67,4009,400,0.25,0.02,0.01,0.006235969069593414,0.9348964829134447,0.004489897730107259,0.005737091544025941,0.030930406585183336,0.017211274632077826,0.0004988775255674732,False,True,False,False,False,False,False
720575940632877869,cell_type,DNg67,4009,400,0.25,0.02,0.05,0.006235969069593414,0.9348964829134447,0.004489897730107259,0.005737091544025941,0.030930406585183336,0.017211274632077826,0.0004988775255674732,False,True,False,False,False,False,False
720575940632877869,cell_type,DNg67,4009,400,0.25,0.02,0.1,0.006235969069593414,0.9348964829134447,0.004489897730107259,0.005737091544025941,0.030930406585183336,0.017211274632077826,0.0004988775255674732,False,False,False,False,False,False,False
720575940632877869,cell_type,DNg67,4009,400,0.25,0.01,0.01,0.006235969069593414,0.9348964829134447,0.004489897730107259,0.005737091544025941,0.030930406585183336,0.017211274632077826,0.0004988775255674732,False,True,False,False,False,False,False
720575940632877869,cell_type,DNg67,4009,400,0.25,0.01,0.05,0.006235969069593414,0.9348964829134447,0.004489897730107259,0.005737091544025941,0.030930406585183336,0.017211274632077826,0.0004988775255674732,False,False,False,False,False,False,False
720575940632877869,cell_type,DNg67,4009,400,0.25,0.01,0.1,0.006235969069593414,0.9348964829134447,0.004489897730107259,0.005737091544025941,0.030930406585183336,0.017211274632077826,0.0004988775255674732,False,False,False,False,False,False,False
720575940612648106,cell_type,DNg67,4493,400,0.25,0.14285714285714285,0.01,0.014689517026485644,0.932339194302248,0.0028933897173380814,0.0060093478744714,0.022924549298909414,0.02092143334075228,0.00022256843979523704,True,True,False,False,False,True,
720575940612648106,cell_type,DNg67,4493,400,0.25,0.14285714285714285,0.05,0.014689517026485644,0.932339194302248,0.0028933897173380814,0.0060093478744714,0.022924549298909414,0.02092143334075228,0.00022256843979523704,False,True,False,False,False,False,
720575940612648106,cell_type,DNg67,4493,400,0.25,0.14285714285714285,0.1,0.014689517026485644,0.932339194302248,0.0028933897173380814,0.0060093478744714,0.022924549298909414,0.02092143334075228,0.00022256843979523704,False,True,False,False,False,False,
720575940612648106,cell_type,DNg67,4493,400,0.25,0.04,0.01,0.014689517026485644,0.932339194302248,0.0028933897173380814,0.0060093478744714,0.022924549298909414,0.02092143334075228,0.00022256843979523704,True,True,False,False,False,False,
720575940612648106,cell_type,DNg67,4493,400,0.25,0.04,0.05,0.014689517026485644,0.932339194302248,0.0028933897173380814,0.0060093478744714,0.022924549298909414,0.02092143334075228,0.00022256843979523704,False,True,False,False,False,False,
720575940612648106,cell_type,DNg67,4493,400,0.25,0.04,0.1,0.014689517026485644,0.932339194302248,0.0028933897173380814,0.0060093478744714,0.022924549298909414,0.02092143334075228,0.00022256843979523704,False,True,False,False,False,False,
720575940612648106,cell_type,DNg67,4493,400,0.25,0.02,0.01,0.014689517026485644,0.932339194302248,0.0028933897173380814,0.0060093478744714,0.022924549298909414,0.02092143334075228,0.00022256843979523704,True,True,False,False,False,False,
720575940612648106,cell_type,DNg67,4493,400,0.25,0.02,0.05,0.014689517026485644,0.932339194302248,0.0028933897173380814,0.0060093478744714,0.022924549298909414,0.02092143334075228,0.00022256843979523704,False,True,False,False,False,False,
720575940612648106,cell_type,DNg67,4493,400,0.25,0.02,0.1,0.014689517026485644,0.932339194302248,0.0028933897173380814,0.0060093478744714,0.022924549298909414,0.02092143334075228,0.00022256843979523704,False,True,False,False,False,False,
720575940612648106,cell_type,DNg67,4493,400,0.25,0.01,0.01,0.014689517026485644,0.932339194302248,0.0028933897173380814,0.0060093478744714,0.022924549298909414,0.02092143334075228,0.00022256843979523704,True,True,False,False,False,False,
720575940612648106,cell_type,DNg67,4493,400,0.25,0.01,0.05,0.014689517026485644,0.932339194302248,0.0028933897173380814,0.0060093478744714,0.022924549298909414,0.02092143334075228,0.00022256843979523704,False,False,False,False,False,False,
720575940612648106,cell_type,DNg67,4493,400,0.25,0.01,0.1,0.014689517026485644,0.932339194302248,0.0028933897173380814,0.0060093478744714,0.022924549298909414,0.02092143334075228,0.00022256843979523704,False,False,False,False,False,False,
720575940635166571,cell_type,DNg60,6110,400,0.25,0.14285714285714285,0.01,0.5414075286415712,0.2049099836333879,0.1711947626841244,0.014075286415711947,0.045499181669394435,0.02258592471358429,0.0003273322422258593,True,True,True,False,True,True,False
720575940635166571,cell_type,DNg60,6110,400,0.25,0.14285714285714285,0.05,0.5414075286415712,0.2049099836333879,0.1711947626841244,0.014075286415711947,0.045499181669394435,0.02258592471358429,0.0003273322422258593,True,True,True,False,False,False,False
720575940635166571,cell_type,DNg60,6110,400,0.25,0.14285714285714285,0.1,0.5414075286415712,0.2049099836333879,0.1711947626841244,0.014075286415711947,0.045499181669394435,0.02258592471358429,0.0003273322422258593,True,True,True,False,False,False,False
720575940635166571,cell_type,DNg60,6110,400,0.25,0.04,0.01,0.5414075286415712,0.2049099836333879,0.1711947626841244,0.014075286415711947,0.045499181669394435,0.02258592471358429,0.0003273322422258593,True,True,True,False,False,False,False
720575940635166571,cell_type,DNg60,6110,400,0.25,0.04,0.05,0.5414075286415712,0.2049099836333879,0.1711947626841244,0.014075286415711947,0.045499181669394435,0.02258592471358429,0.0003273322422258593,True,True,True,False,False,False,False
720575940635166571,cell_type,DNg60,6110,400,0.25,0.04,0.1,0.5414075286415712,0.2049099836333879,0.1711947626841244,0.014075286415711947,0.045499181669394435,0.02258592471358429,0.0003273322422258593,True,False,False,False,False,False,False
720575940635166571,cell_type,DNg60,6110,400,0.25,0.02,0.01,0.5414075286415712,0.2049099836333879,0.1711947626841244,0.014075286415711947,0.045499181669394435,0.02258592471358429,0.0003273322422258593,True,True,True,False,False,False,False
720575940635166571,cell_type,DNg60,6110,400,0.25,0.02,0.05,0.5414075286415712,0.2049099836333879,0.1711947626841244,0.014075286415711947,0.045499181669394435,0.02258592471358429,0.0003273322422258593,True,False,False,False,False,False,False
720575940635166571,cell_type,DNg60,6110,400,0.25,0.02,0.1,0.5414075286415712,0.2049099836333879,0.1711947626841244,0.014075286415711947,0.045499181669394435,0.02258592471358429,0.0003273322422258593,False,False,False,False,False,False,False
720575940635166571,cell_type,DNg60,6110,400,0.25,0.01,0.01,0.5414075286415712,0.2049099836333879,0.1711947626841244,0.014075286415711947,0.045499181669394435,0.02258592471358429,0.0003273322422258593,True,True,True,False,False,False,False
720575940635166571,cell_type,DNg60,6110,400,0.25,0.01,0.05,0.5414075286415712,0.2049099836333879,0.1711947626841244,0.014075286415711947,0.045499181669394435,0.02258592471358429,0.0003273322422258593,False,False,False,False,False,False,False
720575940635166571,cell_type,DNg60,6110,400,0.25,0.01,0.1,0.5414075286415712,0.2049099836333879,0.1711947626841244,0.014075286415711947,0.045499181669394435,0.02258592471358429,0.0003273322422258593,False,False,False,False,False,False,False
720575940631168057,cell_type,DNg60,6523,400,0.25,0.14285714285714285,0.01,0.4787674382952629,0.14195922121723134,0.30936685574122336,0.007818488425571056,0.03342020542695079,0.027901272420665337,0.0007665184730952016,True,True,True,False,True,True,False
720575940631168057,cell_type,DNg60,6523,400,0.25,0.14285714285714285,0.05,0.4787674382952629,0.14195922121723134,0.30936685574122336,0.007818488425571056,0.03342020542695079,0.027901272420665337,0.0007665184730952016,True,True,True,False,False,False,False
720575940631168057,cell_type,DNg60,6523,400,0.25,0.14285714285714285,0.1,0.4787674382952629,0.14195922121723134,0.30936685574122336,0.007818488425571056,0.03342020542695079,0.027901272420665337,0.0007665184730952016,True,False,True,False,False,False,False
720575940631168057,cell_type,DNg60,6523,400,0.25,0.04,0.01,0.4787674382952629,0.14195922121723134,0.30936685574122336,0.007818488425571056,0.03342020542695079,0.027901272420665337,0.0007665184730952016,True,True,True,False,False,False,False
720575940631168057,cell_type,DNg60,6523,400,0.25,0.04,0.05,0.4787674382952629,0.14195922121723134,0.30936685574122336,0.007818488425571056,0.03342020542695079,0.027901272420665337,0.0007665184730952016,True,False,True,False,False,False,False
720575940631168057,cell_type,DNg60,6523,400,0.25,0.04,0.1,0.4787674382952629,0.14195922121723134,0.30936685574122336,0.007818488425571056,0.03342020542695079,0.027901272420665337,0.0007665184730952016,True,False,True,False,False,False,False
720575940631168057,cell_type,DNg60,6523,400,0.25,0.02,0.01,0.4787674382952629,0.14195922121723134,0.30936685574122336,0.007818488425571056,0.03342020542695079,0.027901272420665337,0.0007665184730952016,True,True,True,False,False,False,False
720575940631168057,cell_type,DNg60,6523,400,0.25,0.02,0.05,0.4787674382952629,0.14195922121723134,0.30936685574122336,0.007818488425571056,0.03342020542695079,0.027901272420665337,0.0007665184730952016,True,False,False,False,False,False,False
720575940631168057,cell_type,DNg60,6523,400,0.25,0.02,0.1,0.4787674382952629,0.14195922121723134,0.30936685574122336,0.007818488425571056,0.03342020542695079,0.027901272420665337,0.0007665184730952016,False,False,False,False,False,False,False
720575940631168057,cell_type,DNg60,6523,400,0.25,0.01,0.01,0.4787674382952629,0.14195922121723134,0.30936685574122336,0.007818488425571056,0.03342020542695079,0.027901272420665337,0.0007665184730952016,True,False,True,False,False,False,False
720575940631168057,cell_type,DNg60,6523,400,0.25,0.01,0.05,0.4787674382952629,0.14195922121723134,0.30936685574122336,0.007818488425571056,0.03342020542695079,0.027901272420665337,0.0007665184730952016,False,False,False,False,False,False,False
720575940631168057,cell_type,DNg60,6523,400,0.25,0.01,0.1,0.4787674382952629,0.14195922121723134,0.30936685574122336,0.007818488425571056,0.03342020542695079,0.027901272420665337,0.0007665184730952016,False,False,False,False,False,False,False
